id_campanha,data,plataforma,categoria,objetivo,faixa_etaria_alvo,e_retargeting,duracao_video_s,formato,tem_legenda,tem_cta,tem_hook,tem_rosto,densidade_texto,proporcao_musica_voz,impressoes,cliques,taxa_cliques,custo_por_clique,gasto,conversoes,receita,roas,tempo_medio_visualizacao_s,taxa_engajamento,pontuacao_klike
KLK-0001,2024-01-01,Meta,Branding,awareness,18-24,False,,vertical,True,True,False,True,medium,0.39,150825,5882,0.039,0.82,4823.24,48,0.0,0.0,3.9,0.0446,63.6
KLK-0002,2024-03-22,LinkedIn,App Install,traffic,25-34,False,,horizontal,True,True,True,True,low,0.07,7433,493,0.0664,3.54,1745.22,34,,0.16,6.4,0.0217,70.0
KLK-0003,2024-05-04,TikTok,SaaS,traffic,25-34,False,8.0,vertical,True,True,True,True,medium,0.43,193198,15069,0.078,0.38,5726.22,492,51053.44,8.92,8.0,0.1,99.1
KLK-0004,2024-12-27,TikTok,Lead Gen,engagement,25-34,False,27.0,quadrado,False,True,True,True,medium,0.54,6506,601,0.0925,0.71,426.71,19,1113.78,2.61,20.3,0.0414,74.9
KLK-0005,2024-07-10,Meta,Branding,engagement,25-34,False,34.0,vertical,True,True,True,True,low,0.35,63830,2355,0.0369,0.38,894.9,13,0.0,0.0,34.0,0.0184,77.9
KLK-0006,2024-03-15,Meta,E-commerce,conversions,18-24,True,26.0,vertical,,True,True,True,low,0.15,3264,309,0.0947,0.96,296.64,15,704.26,2.37,8.2,0.0432,75.6
KLK-0007,2024-05-02,Meta,Lead Gen,engagement,18-24,False,,quadrado,True,False,False,True,medium,0.33,12960,1877,0.1449,,2158.55,37,2233.56,1.03,11.9,0.053,64.9
KLK-0008,2024-04-30,LinkedIn,Lead Gen,conversions,25-34,False,37.0,quadrado,True,True,False,True,low,0.37,22617,1130,0.05,0.05,56.5,34,2255.2,39.92,7.8,0.0351,61.4
KLK-0009,2024-01-08,TikTok,Lead Gen,conversions,35-44,False,10.0,vertical,True,True,False,True,high,0.34,10753,1000,0.093,0.49,490.0,37,2610.34,5.33,,,84.2
KLK-0010,2024-02-19,TikTok,Branding,awareness,18-24,False,12.0,quadrado,True,False,False,True,high,0.21,17976,2480,0.138,0.48,1190.4,18,0.0,0.0,6.2,0.009,46.5
KLK-0011,2024-09-10,Meta,App Install,app_install,35-44,True,7.0,vertical,True,True,False,True,low,0.78,18079,2711,0.15,0.82,2223.02,190,1071.2,0.48,4.2,0.0057,52.9
KLK-0012,2024-02-13,LinkedIn,SaaS,conversions,45+,False,23.0,horizontal,True,False,True,False,low,,58007,5429,0.0936,3.78,20521.62,54,7688.34,0.37,9.3,0.0078,51.7
KLK-0013,2024-03-25,TikTok,Lead Gen,engagement,35-44,False,22.0,quadrado,True,False,True,True,low,0.6,1800,270,0.15,0.39,105.3,10,601.76,5.71,19.2,0.0246,77.2
KLK-0014,2024-05-08,Meta,Lead Gen,engagement,45+,True,11.0,quadrado,False,True,True,False,medium,0.39,11209,1402,0.1251,0.52,729.04,22,819.97,1.12,5.0,,64.3
KLK-0015,2024-10-03,Meta,E-commerce,traffic,25-34,False,30.0,vertical,True,False,False,True,medium,0.31,99266,14889,0.15,0.82,12208.98,512,24466.71,2.0,24.3,0.0071,63.3
KLK-0016,2024-07-31,Meta,E-commerce,traffic,25-34,False,17.0,quadrado,False,True,True,False,low,,43259,1790,0.0414,1.07,1915.3,64,3101.83,1.62,,0.0119,62.3
KLK-0017,2024-09-08,Meta,SaaS,conversions,25-34,False,7.0,horizontal,False,True,False,True,medium,0.36,101269,3534,0.0349,0.93,3286.62,59,6572.39,2.0,5.1,0.0257,61.3
KLK-0018,2024-07-25,TikTok,Lead Gen,engagement,18-24,False,7.0,vertical,True,True,True,False,medium,,54750,1078,0.0197,0.51,549.78,12,691.51,1.26,7.0,0.0126,62.7
KLK-0019,2024-09-06,Meta,Lead Gen,conversions,35-44,False,29.0,quadrado,,True,False,False,low,0.36,6001,180,0.0301,0.74,133.2,4,211.43,1.59,14.2,0.0017,49.5
KLK-0020,2024-01-02,Meta,E-commerce,traffic,35-44,True,23.0,vertical,True,False,False,True,low,0.58,48682,3962,0.0814,0.32,1267.84,459,22374.02,17.65,15.2,0.0031,58.5
KLK-0021,2024-12-05,TikTok,App Install,app_install,35-44,True,13.0,vertical,True,True,False,False,low,0.21,24840,660,0.0266,0.59,389.4,73,600.35,1.54,5.5,0.1,56.9
KLK-0022,2024-02-10,Meta,SaaS,awareness,18-24,False,,quadrado,True,True,False,True,low,0.35,334928,17617,0.0526,0.97,17088.49,516,50672.5,2.97,6.8,,71.5
KLK-0023,2024-05-28,Meta,Lead Gen,engagement,45+,False,19.0,horizontal,False,True,False,True,low,0.49,57676,3616,0.0627,0.63,2278.08,55,4367.86,1.92,7.8,0.0033,51.0
KLK-0024,2024-10-08,Meta,Lead Gen,conversions,25-34,False,28.0,horizontal,True,True,False,False,high,0.77,41276,2327,0.0564,0.69,1605.63,76,3952.79,2.46,16.2,0.0111,43.1
KLK-0025,2024-06-07,Meta,Lead Gen,conversions,25-34,False,40.0,horizontal,True,True,False,False,medium,0.18,49183,2990,0.0608,0.55,1644.5,92,2532.0,1.54,19.4,0.0116,54.5
KLK-0026,2024-12-11,TikTok,SaaS,traffic,18-24,True,26.0,vertical,False,True,False,True,low,0.35,38662,5799,0.15,0.63,3653.37,241,26197.62,7.17,8.9,0.029,54.2
KLK-0027,2024-06-19,Meta,SaaS,awareness,35-44,False,21.0,quadrado,True,False,False,True,low,0.6,37427,2507,0.067,0.71,1779.97,61,8829.29,4.96,9.3,0.0049,59.0
KLK-0028,2024-11-15,TikTok,E-commerce,traffic,18-24,True,11.0,vertical,False,True,True,False,low,0.38,16001,2400,0.15,0.48,1152.0,177,7635.99,6.63,5.6,0.1,69.1
KLK-0029,2024-10-22,TikTok,E-commerce,traffic,35-44,True,13.0,vertical,,True,True,False,medium,0.66,41880,439,0.0105,0.59,259.01,16,484.59,1.87,13.0,0.0314,56.5
KLK-0030,2024-12-24,Meta,Lead Gen,engagement,45+,False,22.0,horizontal,True,True,False,False,medium,0.31,68745,6083,0.0885,0.88,5353.04,227,10819.48,2.02,8.0,,60.0
KLK-0031,2024-12-04,TikTok,Lead Gen,conversions,35-44,False,16.0,vertical,True,True,True,False,medium,,78620,6690,0.0851,0.58,3880.2,268,,3.25,9.0,0.0252,78.4
KLK-0032,2024-11-23,Meta,Lead Gen,conversions,18-24,False,36.0,quadrado,True,False,True,True,low,0.6,67978,3140,0.0462,0.84,2637.6,143,7592.81,2.88,36.0,0.0133,76.4
KLK-0033,2024-09-24,Meta,Lead Gen,conversions,45+,False,59.0,quadrado,False,True,False,False,low,0.23,134548,6391,0.0475,0.85,5432.35,296,16830.42,3.1,21.1,0.0048,40.7
KLK-0034,2024-05-13,LinkedIn,App Install,traffic,45+,True,22.0,horizontal,,True,False,True,low,0.92,84750,1635,0.0193,2.64,4316.4,175,1538.28,0.36,,0.0474,56.1
KLK-0035,2024-02-08,LinkedIn,Branding,awareness,25-34,True,72.0,horizontal,False,True,False,True,low,0.7,46827,6658,0.1422,2.84,18908.72,36,0.0,0.0,50.9,0.0172,52.4
KLK-0036,2024-09-08,TikTok,Lead Gen,engagement,18-24,False,22.0,vertical,True,False,True,True,medium,0.37,5583,837,0.15,0.58,485.46,9,559.05,1.15,11.9,0.034,78.5
KLK-0037,2024-12-23,Meta,Lead Gen,engagement,18-24,True,15.0,horizontal,True,True,True,False,low,0.71,5586,549,0.0983,0.51,279.99,29,2359.21,8.43,14.5,0.0016,69.8
KLK-0038,2024-09-22,Meta,E-commerce,conversions,18-24,False,40.0,vertical,True,True,True,True,medium,0.31,16354,1040,0.0636,0.66,686.4,49,2584.63,3.77,33.3,0.0347,94.4
KLK-0039,2024-12-04,TikTok,SaaS,traffic,25-34,True,28.0,vertical,True,False,True,False,medium,0.09,23297,3494,0.15,0.47,1642.18,187,25908.35,15.78,14.5,0.0163,76.5
KLK-0040,2024-10-20,Meta,E-commerce,conversions,45+,False,,quadrado,False,True,True,True,high,0.67,117901,2747,0.0233,0.91,2499.77,106,3040.24,1.22,11.3,0.0247,47.9
KLK-0041,2024-02-29,Meta,Lead Gen,conversions,25-34,True,46.0,vertical,True,False,True,True,high,0.18,1000,23,0.0234,1.18,27.14,1,50.98,1.88,26.4,0.0183,56.4
KLK-0042,2024-03-31,Meta,App Install,app_install,25-34,True,31.0,vertical,True,False,False,False,medium,0.51,6375,224,0.0352,0.6,134.4,35,190.57,1.42,,0.0478,51.0
KLK-0043,2024-05-04,Meta,E-commerce,conversions,45+,False,68.0,vertical,True,True,False,True,low,0.11,17447,1376,0.0789,1.01,1389.76,59,2246.63,1.62,9.8,0.0094,52.8
KLK-0044,2024-03-02,LinkedIn,Branding,awareness,25-34,False,20.0,horizontal,,True,True,True,medium,,6659,715,0.1074,2.07,1480.05,3,0.0,0.0,16.8,,85.6
KLK-0045,2024-07-31,Meta,App Install,traffic,45+,True,13.0,vertical,True,True,True,True,medium,0.66,8452,1000,0.1184,1.13,1130.0,66,486.52,0.43,6.4,0.0293,78.8
KLK-0046,2024-12-22,TikTok,SaaS,traffic,25-34,False,5.0,vertical,True,True,True,False,low,0.45,12100,1525,0.1261,0.79,1204.75,18,2623.29,2.18,4.0,0.024,77.0
KLK-0047,2024-10-04,Meta,E-commerce,conversions,35-44,False,,vertical,False,False,True,True,medium,0.64,7079,557,0.0787,0.38,211.66,10,512.38,2.42,11.2,0.0605,72.0
KLK-0048,2024-06-03,TikTok,Branding,awareness,18-24,False,15.0,quadrado,True,True,False,True,high,0.73,8717,258,0.0296,0.45,116.1,0,0.0,0.0,5.7,0.0207,39.7
KLK-0049,2024-01-02,TikTok,App Install,app_install,25-34,False,9.0,vertical,True,True,True,True,medium,0.29,113083,8481,0.075,0.15,1272.15,424,4135.56,3.25,4.3,0.0142,92.7
KLK-0050,2024-04-24,Meta,Branding,engagement,18-24,True,16.0,quadrado,,False,True,True,low,0.85,46036,4115,0.0894,0.39,1604.85,40,0.0,0.0,7.1,0.0152,71.6
KLK-0051,2024-07-11,LinkedIn,App Install,app_install,45+,False,13.0,horizontal,True,True,True,True,low,0.41,55090,8263,0.15,1.28,10576.64,323,2818.83,0.27,3.6,,74.2
KLK-0052,2024-04-28,TikTok,Lead Gen,engagement,18-24,False,22.0,vertical,False,True,True,True,medium,0.07,21142,3171,0.15,0.59,1870.89,123,7719.43,4.13,10.0,0.0367,92.4
KLK-0053,2024-02-10,LinkedIn,App Install,traffic,45+,False,19.0,quadrado,True,True,False,True,low,,74111,1526,0.0206,2.83,4318.58,118,1063.58,0.25,12.5,0.0383,50.8
KLK-0054,2024-06-10,LinkedIn,App Install,app_install,35-44,False,115.0,horizontal,True,True,False,False,medium,0.28,60922,4173,0.0685,3.1,12936.3,125,718.68,0.06,48.1,0.0184,64.6
KLK-0055,2024-04-02,TikTok,Lead Gen,conversions,18-24,False,11.0,vertical,False,False,False,True,medium,0.43,45172,533,0.0118,0.59,314.47,11,644.48,2.05,10.3,0.0615,47.1
KLK-0056,2024-11-27,LinkedIn,SaaS,traffic,35-44,False,17.0,quadrado,True,True,True,True,low,0.61,10046,183,0.0183,2.86,523.38,0,0.0,0.0,10.4,,64.3
KLK-0057,2024-02-07,Meta,E-commerce,conversions,18-24,False,13.0,quadrado,True,True,False,True,high,0.73,12959,596,0.046,0.83,494.68,20,833.63,1.69,8.0,0.0046,59.8
KLK-0058,2024-01-18,Meta,E-commerce,traffic,35-44,False,7.0,vertical,,True,False,True,low,0.4,78413,6712,0.0856,0.77,5168.24,222,8412.59,1.63,2.4,0.0361,61.4
KLK-0059,2024-01-02,Meta,Branding,awareness,45+,True,22.0,vertical,False,True,False,False,low,0.63,11848,228,0.0193,1.04,237.12,3,,0.0,18.4,0.0517,23.7
KLK-0060,2024-04-29,Meta,App Install,app_install,35-44,False,13.0,quadrado,False,True,True,True,medium,0.15,4692,216,0.0462,0.8,172.8,9,74.45,0.43,8.7,0.0571,77.6
KLK-0061,2024-08-29,Meta,Branding,engagement,18-24,True,,vertical,,True,True,True,medium,0.46,11577,1662,0.1436,0.93,1545.66,12,0.0,0.0,12.1,0.0245,75.5
KLK-0062,2024-09-23,Meta,E-commerce,conversions,35-44,False,14.0,quadrado,True,True,False,False,medium,0.57,143098,19690,0.1376,0.24,4725.6,742,42903.35,9.08,6.5,0.0023,67.1
KLK-0063,2024-06-14,TikTok,E-commerce,traffic,25-34,False,24.0,vertical,True,False,False,True,high,0.12,11590,970,0.0837,0.32,310.4,41,1772.92,5.71,11.4,0.0076,66.1
KLK-0064,2024-09-06,Meta,E-commerce,conversions,35-44,False,26.0,horizontal,True,True,True,True,medium,0.59,32636,2793,0.0856,1.04,2904.72,34,1411.03,0.49,26.0,0.0573,86.7
KLK-0065,2024-05-11,Meta,SaaS,conversions,18-24,False,17.0,vertical,False,True,True,True,high,0.19,10521,519,0.0494,0.64,332.16,14,2137.39,6.43,12.5,0.047,79.0
KLK-0066,2024-08-31,TikTok,App Install,traffic,25-34,True,27.0,vertical,True,True,True,True,medium,0.36,55056,6733,0.1223,0.29,1952.57,922,5176.86,2.65,4.6,0.0217,83.3
KLK-0067,2024-01-15,Meta,SaaS,awareness,25-34,True,29.0,quadrado,False,False,False,True,medium,0.06,41946,1082,0.0258,0.95,1027.9,52,6303.89,6.13,29.0,0.0898,53.8
KLK-0068,2024-05-22,TikTok,SaaS,conversions,18-24,False,53.0,vertical,,False,True,True,high,,3679,27,0.0075,0.5,13.5,0,0.0,0.0,19.4,0.0767,37.2
KLK-0069,2024-10-15,Meta,Lead Gen,conversions,25-34,True,13.0,vertical,True,True,False,False,medium,0.3,30382,4557,0.15,0.7,3189.9,237,15052.38,4.72,7.0,0.0189,68.4
KLK-0070,2024-10-20,LinkedIn,SaaS,traffic,35-44,False,25.0,quadrado,True,False,True,False,low,0.37,2924,52,0.018,3.63,188.76,1,133.73,0.71,25.0,0.0484,47.1
KLK-0071,2024-09-18,TikTok,App Install,app_install,35-44,False,27.0,vertical,False,True,False,True,medium,0.3,11328,1278,0.1129,0.7,894.6,35,315.15,0.35,6.3,0.0121,65.8
KLK-0072,2024-03-15,Meta,Branding,awareness,45+,False,,vertical,True,True,False,True,medium,0.74,21726,806,0.0371,0.75,604.5,5,0.0,0.0,5.9,0.0218,68.2
KLK-0073,2024-03-31,Meta,SaaS,awareness,35-44,False,36.0,vertical,False,True,True,True,low,0.28,202043,30306,0.15,0.97,29396.82,593,67566.03,2.3,30.8,,87.2
KLK-0074,2024-12-29,TikTok,App Install,app_install,18-24,False,15.0,vertical,True,True,False,True,high,0.3,32257,2299,0.0713,0.16,367.84,110,846.52,2.3,7.1,0.0032,55.5
KLK-0075,2024-02-07,TikTok,Lead Gen,engagement,18-24,False,8.0,vertical,True,False,True,True,low,,8773,879,0.1002,0.66,580.14,17,1127.43,1.94,6.2,0.0896,80.3
KLK-0076,2024-03-06,TikTok,Lead Gen,conversions,45+,False,6.0,vertical,True,True,False,False,low,0.5,15053,505,0.0336,,171.7,17,1201.05,7.0,1.9,0.0365,59.5
KLK-0077,2024-02-17,TikTok,E-commerce,traffic,45+,False,9.0,vertical,False,True,False,False,high,0.29,66771,908,0.0136,0.28,254.24,35,1165.4,4.58,1.7,0.0356,35.7
KLK-0078,2024-04-29,Meta,Lead Gen,conversions,45+,False,,vertical,True,False,True,False,medium,0.29,8917,67,0.0076,0.37,24.79,0,0.0,0.0,4.7,0.0223,48.0
KLK-0079,2024-03-17,Meta,SaaS,traffic,35-44,True,12.0,quadrado,False,True,False,False,low,0.44,82155,8330,0.1014,,2915.5,332,36690.69,12.58,2.2,0.0253,50.2
KLK-0080,2024-06-30,Meta,E-commerce,conversions,25-34,True,24.0,quadrado,True,True,False,True,medium,0.4,11758,1522,0.1295,1.06,1613.32,132,6043.54,3.75,10.0,0.0413,75.5
KLK-0081,2024-06-22,LinkedIn,SaaS,conversions,45+,False,19.0,horizontal,False,True,True,True,medium,0.37,7343,1101,0.15,2.97,3269.97,18,2005.91,0.61,17.6,0.0062,84.6
KLK-0082,2024-11-25,TikTok,Lead Gen,engagement,18-24,False,24.0,vertical,,True,False,True,low,0.91,12219,41,0.0034,0.39,15.99,0,0.0,0.0,3.7,0.0105,34.9
KLK-0083,2024-01-13,Meta,SaaS,conversions,25-34,False,45.0,horizontal,True,True,False,True,high,0.22,3166,95,0.0302,1.01,95.95,1,95.56,1.0,22.9,0.0182,52.2
KLK-0084,2024-04-26,Meta,SaaS,conversions,35-44,False,35.0,quadrado,True,True,False,False,medium,0.42,1624,42,0.0259,0.66,27.72,1,116.38,4.2,17.8,0.0086,56.3
KLK-0085,2024-08-05,Meta,App Install,traffic,18-24,False,19.0,quadrado,False,True,True,True,medium,0.16,19949,1412,0.0708,0.88,1242.56,54,462.97,0.37,,,77.1
KLK-0086,2024-08-08,Meta,E-commerce,traffic,18-24,False,5.0,horizontal,True,True,True,False,medium,0.66,20317,3047,0.15,0.68,2071.96,167,6608.68,3.19,4.3,0.0074,74.3
KLK-0087,2024-06-24,TikTok,E-commerce,traffic,18-24,False,9.0,vertical,,False,True,True,medium,0.3,29964,1674,0.0559,0.48,803.52,39,2172.62,2.7,1.4,0.1,70.4
KLK-0088,2024-10-24,TikTok,E-commerce,traffic,18-24,False,11.0,vertical,True,True,False,False,low,0.09,19831,307,0.0155,0.36,110.52,5,335.63,3.04,,0.0083,42.6
KLK-0089,2024-01-23,LinkedIn,E-commerce,conversions,45+,False,16.0,vertical,False,True,True,False,low,0.38,360448,19031,0.0528,1.93,36729.83,664,32348.84,0.88,14.4,0.0027,53.5
KLK-0090,2024-10-24,Meta,E-commerce,conversions,18-24,False,15.0,vertical,False,True,False,False,medium,0.6,26959,2798,0.1038,0.93,2602.14,65,2900.88,1.11,9.4,0.0011,45.1
KLK-0091,2024-06-29,Meta,E-commerce,traffic,18-24,False,43.0,quadrado,False,True,True,False,medium,0.04,4222,501,0.1187,0.97,485.97,19,699.0,1.44,,0.0207,68.5
KLK-0092,2024-02-18,TikTok,App Install,traffic,18-24,False,5.0,vertical,True,True,False,True,low,0.41,5745,65,0.0114,0.44,28.6,2,17.18,0.6,,0.0304,49.9
KLK-0093,2024-11-19,TikTok,E-commerce,traffic,18-24,False,,vertical,True,True,True,False,medium,0.14,22034,1110,0.0504,0.27,299.7,61,3555.97,11.87,13.3,0.0338,78.4
KLK-0094,2024-08-24,TikTok,SaaS,awareness,18-24,True,19.0,vertical,True,True,True,False,high,0.09,13062,252,0.0193,0.87,219.24,8,1334.11,6.09,7.8,0.067,64.8
KLK-0095,2024-02-29,TikTok,Lead Gen,conversions,25-34,False,14.0,quadrado,True,False,True,False,low,0.25,5043,756,0.15,0.51,385.56,23,1765.34,4.58,6.5,0.0454,72.8
KLK-0096,2024-01-13,Meta,SaaS,conversions,25-34,False,11.0,horizontal,,True,True,False,low,0.15,20524,3078,0.15,0.87,2677.86,76,10658.2,3.98,6.6,0.0135,75.3
KLK-0097,2024-02-21,TikTok,Branding,awareness,25-34,False,8.0,vertical,True,False,False,False,medium,0.37,20888,1107,0.053,0.31,343.17,7,0.0,0.0,5.6,0.0124,48.7
KLK-0098,2024-08-10,Meta,E-commerce,traffic,45+,False,6.0,horizontal,False,True,False,False,medium,0.22,149467,7398,0.0495,1.09,8063.82,412,14651.54,1.82,2.3,0.0022,47.4
KLK-0099,2024-03-06,Meta,E-commerce,traffic,35-44,False,46.0,vertical,True,False,False,True,low,0.83,7337,485,0.0662,1.13,548.05,15,661.54,1.21,,0.0375,64.0
KLK-0100,2024-03-23,Meta,E-commerce,traffic,18-24,False,41.0,vertical,True,True,False,False,low,0.13,13342,951,0.0713,20.0,370.89,27,1162.54,3.13,16.7,0.0049,57.4
KLK-0101,2024-01-10,Meta,E-commerce,conversions,18-24,False,7.0,quadrado,False,False,False,True,medium,0.47,148916,3052,0.0205,0.78,2380.56,25,1104.03,0.46,4.7,0.0352,46.0
KLK-0102,2024-09-20,TikTok,E-commerce,conversions,35-44,False,9.0,vertical,True,True,False,True,medium,0.49,32672,1192,0.0365,0.47,560.24,75,2889.4,5.16,5.1,0.0119,73.1
KLK-0103,2024-10-22,Meta,E-commerce,conversions,25-34,False,21.0,vertical,True,True,False,True,low,0.35,7285,80,0.011,1.37,109.6,3,155.46,1.42,4.7,0.0232,62.4
KLK-0104,2024-10-17,TikTok,E-commerce,traffic,35-44,False,10.0,quadrado,False,True,False,True,medium,0.22,9342,506,0.0542,0.72,364.32,23,978.31,2.69,2.5,0.0653,63.0
KLK-0105,2024-02-16,LinkedIn,E-commerce,traffic,45+,False,10.0,quadrado,False,False,True,True,high,0.58,5130,359,0.0701,1.41,506.19,15,627.07,1.24,2.1,0.0072,40.6
KLK-0106,2024-11-25,Meta,SaaS,conversions,45+,False,11.0,quadrado,True,True,False,True,high,0.35,24166,1196,0.0495,0.63,753.48,24,2467.57,3.27,5.5,,56.3
KLK-0107,2024-09-02,Meta,E-commerce,traffic,45+,False,53.0,vertical,True,True,True,True,high,0.81,75916,11387,0.15,0.59,6718.33,454,21379.18,3.18,29.5,0.0202,74.9
KLK-0108,2024-11-23,TikTok,SaaS,conversions,25-34,False,9.0,quadrado,False,True,False,True,medium,0.83,155917,4303,0.0276,0.56,2409.68,66,10290.89,4.27,3.1,0.0781,48.4
KLK-0109,2024-06-12,Meta,App Install,app_install,25-34,False,15.0,horizontal,True,True,False,True,low,0.51,3701,205,0.0555,1.18,50544.77,8,63.87,0.26,7.0,0.0059,53.1
KLK-0110,2024-06-08,Meta,Branding,engagement,45+,False,8.0,horizontal,True,True,True,False,low,0.49,62501,1781,0.0285,0.83,1478.23,5,,0.0,5.2,0.0067,60.0
KLK-0111,2024-10-13,Meta,E-commerce,conversions,25-34,False,23.0,vertical,True,True,True,False,low,0.21,26827,3608,0.1345,,3319.36,204,12733.14,3.84,13.9,0.0431,73.9
KLK-0112,2024-02-04,Meta,Branding,engagement,18-24,False,,vertical,True,False,False,False,low,0.1,16085,1092,0.0679,0.64,698.88,6,0.0,0.0,7.3,0.0079,37.9
KLK-0113,2024-07-09,LinkedIn,App Install,app_install,35-44,False,17.0,horizontal,True,False,False,False,medium,0.29,13348,96,0.0072,2.87,275.52,7,62.58,0.23,10.5,0.0233,37.7
KLK-0114,2024-11-01,TikTok,E-commerce,traffic,25-34,True,6.0,vertical,True,False,True,False,low,0.39,2197,162,0.0738,0.43,69.66,21,1048.14,15.05,,0.0274,72.0
KLK-0115,2024-10-30,TikTok,Lead Gen,engagement,35-44,True,25.0,vertical,False,True,False,True,low,0.69,47363,3713,0.0784,0.25,928.25,97,5118.03,5.51,16.1,0.059,61.8
KLK-0116,2024-12-14,LinkedIn,Lead Gen,engagement,35-44,False,11.0,vertical,False,False,False,False,high,0.32,4524,100,0.0222,2.82,282.0,4,206.36,0.73,3.7,0.0157,10.4
KLK-0117,2024-09-11,TikTok,E-commerce,conversions,18-24,False,16.0,vertical,True,False,True,False,low,0.18,8974,733,0.0817,0.5,366.5,11,509.0,1.39,10.3,0.0501,70.8
KLK-0118,2024-03-16,Meta,E-commerce,conversions,45+,True,5.0,vertical,False,True,False,True,low,0.69,36372,5455,0.15,0.54,2945.7,408,18972.39,6.44,,,62.4
KLK-0119,2024-01-08,LinkedIn,Lead Gen,engagement,45+,False,35.0,horizontal,False,True,False,True,low,0.55,2489,331,0.1333,,1234.63,11,547.83,0.44,21.2,0.0383,55.6
KLK-0120,2024-06-23,TikTok,Branding,engagement,25-34,False,,vertical,True,True,True,False,medium,,4514,269,0.0597,0.39,104.91,0,0.0,0.0,,0.0197,63.8
KLK-0121,2024-07-06,TikTok,E-commerce,conversions,18-24,False,21.0,vertical,True,False,False,True,medium,0.28,95072,1235,0.013,0.59,728.65,30,1275.13,1.75,20.2,0.0412,55.1
KLK-0122,2024-03-28,LinkedIn,E-commerce,conversions,35-44,False,23.0,horizontal,,True,False,False,medium,0.28,25500,244,0.0096,2.23,544.12,9,496.31,0.91,7.8,0.0448,33.9
KLK-0123,2024-02-15,Meta,SaaS,awareness,35-44,False,43.0,vertical,True,True,True,True,medium,0.78,9950,473,0.0476,1.17,553.41,10,1186.7,2.14,43.0,0.0185,81.5
KLK-0124,2024-08-01,Meta,SaaS,conversions,18-24,False,66.0,horizontal,False,True,True,False,medium,0.33,25621,899,0.0351,0.74,665.26,10,1165.46,1.75,29.9,0.0107,63.7
KLK-0125,2024-10-05,Meta,App Install,app_install,25-34,False,14.0,horizontal,True,False,True,True,medium,0.87,49186,5843,0.1188,0.4,2337.2,189,1228.53,0.53,14.0,0.0166,72.4
KLK-0126,2024-12-28,Meta,SaaS,traffic,35-44,True,13.0,vertical,False,False,False,True,high,,84941,6064,0.0714,0.99,6003.36,97,9712.74,1.62,1.5,0.0374,43.4
KLK-0127,2024-10-03,TikTok,SaaS,conversions,25-34,False,13.0,vertical,True,False,False,True,high,0.54,5796,77,0.0133,0.73,56.21,0,0.0,0.0,5.8,0.0541,41.3
KLK-0128,2024-10-16,LinkedIn,Branding,awareness,35-44,False,19.0,quadrado,True,True,False,False,medium,0.22,6439,213,0.0332,2.18,464.34,0,0.0,0.0,16.6,0.0017,42.7
KLK-0129,2024-08-13,Meta,E-commerce,conversions,18-24,True,11.0,vertical,False,True,False,False,low,,45707,4241,0.0928,0.96,4071.36,414,20080.54,4.93,3.3,,51.8
KLK-0130,2024-12-25,TikTok,E-commerce,traffic,18-24,False,9.0,vertical,True,True,False,False,low,0.58,47500,3244,0.0683,0.52,1686.88,164,9742.55,5.78,7.0,,57.1
KLK-0131,2024-08-21,Meta,Branding,engagement,35-44,False,46.0,horizontal,,True,True,True,low,0.1,4390,171,0.0391,,121.41,1,0.0,0.0,11.6,0.014,68.6
KLK-0132,2024-11-09,Meta,Lead Gen,engagement,25-34,False,26.0,vertical,True,True,True,False,medium,0.42,6736,1010,0.15,1.0,1010.0,35,2381.93,2.36,16.7,0.014,75.5
KLK-0133,2024-12-11,Meta,App Install,traffic,18-24,False,12.0,quadrado,True,True,True,True,medium,0.24,17457,958,0.0549,0.61,584.38,46,251.13,0.43,12.0,0.017,81.4
KLK-0134,2024-12-05,Meta,App Install,traffic,35-44,False,5.0,quadrado,True,True,True,True,medium,0.32,22658,1749,0.0772,0.81,1416.69,94,686.18,0.48,3.7,0.0177,88.1
KLK-0135,2024-05-19,LinkedIn,E-commerce,traffic,45+,False,11.0,horizontal,False,True,False,True,low,0.31,23442,485,0.0207,2.69,1304.65,20,693.88,0.53,4.3,0.0125,37.1
KLK-0136,2024-01-29,Meta,SaaS,traffic,35-44,False,22.0,vertical,True,False,False,False,medium,0.8,4310,339,0.0787,0.85,288.15,2,281.21,0.98,15.2,0.0199,48.5
KLK-0137,2024-03-03,TikTok,App Install,app_install,18-24,False,5.0,vertical,False,True,True,True,high,0.8,23160,215,0.0093,0.38,81.7,16,79.62,0.97,1.9,0.0402,46.9
KLK-0138,2024-01-22,TikTok,E-commerce,conversions,18-24,True,14.0,vertical,False,False,False,True,medium,0.77,9312,1138,0.1223,0.81,921.78,18,772.73,0.84,,0.0454,48.9
KLK-0139,2024-02-08,Meta,E-commerce,traffic,45+,False,,vertical,False,True,False,False,medium,0.59,5433,392,0.0723,1.1,431.2,20,691.42,1.6,3.4,0.0185,49.7
KLK-0140,2024-03-08,LinkedIn,SaaS,conversions,25-34,False,26.0,quadrado,True,True,True,False,high,,21737,925,0.0426,3.24,2997.0,18,1790.72,0.6,5.7,0.0227,50.8
KLK-0141,2024-05-04,LinkedIn,E-commerce,conversions,35-44,False,25.0,horizontal,,True,True,True,high,0.18,19233,1259,0.0655,3.57,4494.63,24,928.65,0.21,10.6,0.0112,61.6
KLK-0142,2024-07-17,Meta,SaaS,traffic,25-34,False,18.0,vertical,True,True,True,True,medium,0.37,57643,8646,0.15,0.82,7089.72,209,31696.63,4.47,12.5,,82.7
KLK-0143,2024-09-16,Meta,E-commerce,conversions,25-34,False,13.0,horizontal,False,True,True,True,medium,0.86,7838,827,0.1056,0.71,587.17,27,1133.54,1.93,9.0,0.0035,67.8
KLK-0144,2024-03-17,Meta,SaaS,conversions,35-44,False,13.0,vertical,False,True,False,True,low,0.77,29208,1729,0.0592,0.54,933.66,25,4036.4,4.32,6.6,0.0306,66.5
KLK-0145,2024-09-02,Meta,E-commerce,conversions,35-44,False,11.0,horizontal,False,True,True,False,low,0.14,3352,401,0.1198,0.63,252.63,6,,1.48,,0.0156,58.5
KLK-0146,2024-09-14,Meta,Lead Gen,conversions,35-44,True,22.0,horizontal,True,True,True,True,medium,0.72,15838,2375,0.15,,1330.0,58,4951.12,3.72,12.8,0.0289,83.0
KLK-0147,2024-07-22,TikTok,App Install,app_install,18-24,False,18.0,vertical,False,True,True,False,low,0.56,38423,5763,0.15,0.42,2420.46,195,1541.66,0.64,14.5,0.0688,61.0
KLK-0148,2024-11-25,TikTok,Branding,engagement,18-24,False,,vertical,True,False,False,False,high,0.41,13007321,629,0.0148,0.54,339.66,2,0.0,0.0,2.6,0.0272,26.6
KLK-0149,2024-02-10,Meta,Branding,engagement,35-44,False,16.0,horizontal,False,False,True,True,low,0.14,42864,2884,0.0673,1.02,2941.68,7,0.0,0.0,6.5,0.0228,48.4
KLK-0150,2024-03-05,Meta,SaaS,awareness,35-44,True,19.0,vertical,False,False,True,False,high,0.17,57829,3926,0.0679,1.01,3965.26,159,17677.67,4.46,5.4,0.0132,49.3
KLK-0151,2024-06-05,LinkedIn,E-commerce,traffic,25-34,False,27.0,quadrado,True,True,True,True,medium,,12900,1845,0.1431,1.62,2988.9,36,1757.5,0.59,27.0,0.0059,83.8
KLK-0152,2024-02-16,Meta,App Install,app_install,18-24,True,,vertical,False,False,True,True,low,0.39,39929,5989,0.15,0.97,5809.33,616,4006.27,0.69,13.2,0.1,68.4
KLK-0153,2024-07-25,Meta,App Install,app_install,18-24,False,13.0,vertical,True,False,True,True,high,0.17,207418,15722,0.0758,1.07,16822.54,1055,5274.2,0.31,2.5,0.0414,66.4
KLK-0154,2024-05-25,Meta,Branding,awareness,45+,False,19.0,vertical,True,True,False,True,low,0.24,12574,1132,0.0901,0.74,837.68,6,0.0,0.0,7.4,0.0111,47.8
KLK-0155,2024-04-13,LinkedIn,SaaS,awareness,45+,True,,vertical,True,False,True,True,medium,0.21,115408,13479,0.1168,3.4,45828.6,518,57811.62,1.26,25.7,0.0102,69.0
KLK-0156,2024-03-03,Meta,E-commerce,traffic,45+,False,18.0,horizontal,True,True,True,True,low,0.49,63055,7579,0.1202,1.01,7654.79,208,7531.63,0.98,11.9,0.0274,76.8
KLK-0157,2024-05-02,TikTok,E-commerce,traffic,18-24,False,16.0,vertical,False,False,False,False,medium,0.4,16001,579,0.0362,0.31,179.49,31,1157.79,6.45,,0.0183,53.8
KLK-0158,2024-08-09,TikTok,SaaS,awareness,45+,False,20.0,vertical,True,False,True,False,low,0.65,17686,344,0.0195,0.83,285.52,6,938.18,3.29,,0.0676,56.1
KLK-0159,2024-07-29,Meta,App Install,traffic,18-24,False,,quadrado,True,True,True,False,medium,0.52,25389,2409,0.0949,0.63,1517.67,216,,1.24,5.0,0.0323,80.4
KLK-0160,2024-02-29,TikTok,App Install,app_install,25-34,True,20.0,vertical,False,True,True,True,medium,0.38,58935,4738,0.0804,0.64,3032.32,224,1246.41,0.41,20.0,0.0549,80.4
KLK-0161,2024-02-15,Meta,SaaS,traffic,35-44,False,20.0,vertical,False,False,False,False,medium,0.33,35709,1503,0.0421,1.02,1533.06,33,3019.91,1.97,8.8,0.0067,33.2
KLK-0162,2024-01-10,TikTok,Lead Gen,engagement,18-24,True,7.0,vertical,False,True,True,False,medium,0.39,12456,534,0.0429,,170.88,50,2824.87,16.53,3.6,0.0297,72.7
KLK-0163,2024-01-05,TikTok,App Install,app_install,18-24,False,18.0,vertical,False,True,False,False,medium,0.4,1810,79,0.0438,0.53,41.87,2,17.52,0.42,2.5,0.0046,34.4
KLK-0164,2024-11-17,TikTok,E-commerce,traffic,18-24,False,10.0,quadrado,False,False,False,False,medium,0.23,49345,1065,0.0216,0.64,681.6,33,1249.01,1.83,0.5,0.0569,30.2
KLK-0165,2024-01-17,Meta,E-commerce,conversions,18-24,True,14.0,vertical,True,True,True,False,medium,0.37,2166,104,0.0484,0.5,52.0,9,390.99,7.52,6.5,0.0155,77.9
KLK-0166,2024-09-23,TikTok,E-commerce,traffic,25-34,False,,vertical,True,True,False,True,medium,0.44,4276,641,0.15,0.51,326.91,25,1150.77,3.52,6.0,0.0727,80.4
KLK-0167,2024-11-14,Meta,E-commerce,conversions,35-44,True,20.0,quadrado,False,True,True,False,medium,0.35,13589,698,0.0514,1.04,725.92,59,2726.83,3.76,10.3,0.0088,60.6
KLK-0168,2024-02-05,Meta,E-commerce,conversions,35-44,False,10.0,horizontal,True,True,True,True,low,0.07,5131,573,0.1118,1.05,601.65,29,679.87,1.13,4.6,0.0041,67.1
KLK-0169,2024-06-08,Meta,E-commerce,traffic,35-44,True,28.0,quadrado,False,True,False,False,high,0.27,32242,744,0.0231,0.7,520.8,44,2067.77,3.97,16.3,0.004,39.4
KLK-0170,2024-12-17,TikTok,E-commerce,traffic,25-34,False,11.0,vertical,True,True,False,True,medium,,15437,206,0.0134,0.73,150.38,11,323.45,2.15,5.2,,63.0
KLK-0171,2024-10-31,TikTok,E-commerce,conversions,18-24,False,,vertical,True,True,False,True,medium,0.32,56515,8477,0.15,0.7,5933.9,92,3902.86,0.66,,0.0609,72.3
KLK-0172,2024-06-27,Meta,Lead Gen,engagement,18-24,False,26.0,horizontal,True,True,True,True,medium,0.69,3199,312,0.0978,0.86,268.32,13,701.78,2.62,9.5,0.0146,73.5
KLK-0173,2024-10-05,TikTok,E-commerce,traffic,45+,False,10.0,vertical,False,False,True,False,medium,0.35,9953,123,0.0124,0.4,49.2,6,211.75,4.3,2.7,0.0065,50.0
KLK-0174,2024-10-31,Meta,App Install,app_install,18-24,True,29.0,vertical,True,True,False,True,low,0.15,22137,500,0.0226,0.52,260.0,31,289.82,1.11,13.3,0.0246,56.0
KLK-0175,2024-05-07,TikTok,SaaS,awareness,25-34,False,20.0,vertical,False,True,True,True,medium,0.28,23185,3477,0.15,0.56,1947.12,29,2697.71,1.39,16.3,0.0391,76.2
KLK-0176,2024-11-21,Meta,Lead Gen,engagement,18-24,False,7.0,vertical,True,True,True,False,medium,0.59,50657,4194,0.0828,1.15,4823.1,114,6124.62,1.27,3.1,0.0255,73.3
KLK-0177,2024-06-20,TikTok,E-commerce,conversions,25-34,False,21.0,vertical,True,True,True,False,high,,7350,690,0.094,0.48,331.2,28,1481.44,4.47,12.2,0.0272,66.8
KLK-0178,2024-07-11,Meta,SaaS,awareness,35-44,False,,horizontal,False,True,True,True,medium,0.19,12561,236,0.0188,0.59,139.24,4,427.06,3.07,7.0,0.0218,69.9
KLK-0179,2024-12-30,LinkedIn,Lead Gen,conversions,25-34,False,44.0,horizontal,False,True,False,True,medium,0.35,40490,3656,0.0903,3.12,11406.72,131,6667.62,0.58,22.3,0.0093,67.6
KLK-0180,2024-11-03,Meta,Lead Gen,engagement,25-34,False,56.0,quadrado,True,False,True,False,low,0.22,1574,106,0.0678,0.84,89.04,5,283.91,3.19,56.0,0.0117,61.2
KLK-0181,2024-05-12,Meta,Lead Gen,engagement,35-44,True,28.0,vertical,False,True,False,False,high,0.08,34958,450,0.0129,0.92,414.0,12,797.83,1.93,5.0,0.0037,27.3
KLK-0182,2024-01-04,Meta,E-commerce,conversions,25-34,False,5.0,horizontal,True,True,True,True,medium,0.2,55090,5806,0.1054,0.67,3890.02,44,2552.74,0.66,2.2,0.0294,81.6
KLK-0183,2024-08-16,LinkedIn,E-commerce,traffic,25-34,False,42.0,horizontal,True,True,False,False,low,0.4,4445,139,0.0314,2.22,308.58,4,,0.47,19.4,0.0175,33.8
KLK-0184,2024-09-13,LinkedIn,Branding,awareness,35-44,False,75.0,horizontal,True,True,True,True,low,0.68,15092,780,0.0517,2.1,1638.0,2,0.0,0.0,75.0,0.0301,81.3
KLK-0185,2024-08-25,Meta,Lead Gen,engagement,18-24,True,14.0,horizontal,False,True,True,False,medium,0.44,132083,13221,0.1001,0.92,12163.32,640,36277.74,2.98,13.6,0.0433,81.2
KLK-0186,2024-12-19,TikTok,App Install,app_install,35-44,False,12.0,vertical,False,True,True,False,medium,0.41,48620,2338,0.0481,,1052.1,158,1322.18,1.26,4.2,0.015,61.4
KLK-0187,2024-11-10,TikTok,App Install,app_install,25-34,False,7.0,vertical,True,True,True,True,medium,0.15,37660,2289,0.0608,0.59,1350.51,98,663.23,0.49,7.0,0.061,97.0
KLK-0188,2024-06-12,TikTok,E-commerce,traffic,18-24,False,14.0,vertical,False,False,True,True,low,0.69,72341,10279,0.1421,0.41,4214.39,355,,4.31,5.5,0.0905,61.0
KLK-0189,2024-01-23,TikTok,Branding,awareness,25-34,False,23.0,quadrado,True,True,False,False,low,0.38,192039,5837,0.0304,0.57,3327.09,24,0.0,0.0,21.1,0.0043,36.0
KLK-0190,2024-06-22,Meta,E-commerce,traffic,25-34,False,25.0,quadrado,True,True,False,False,low,0.28,22521,2128,0.0945,0.97,2064.16,73,2036.14,0.99,5.1,0.0391,55.6
KLK-0191,2024-09-08,Meta,SaaS,traffic,25-34,False,108.0,horizontal,True,True,True,True,medium,0.08,13512,1203,0.0891,0.88,1058.64,26,3451.83,3.26,108.0,0.0154,84.1
KLK-0192,2024-08-09,LinkedIn,SaaS,conversions,35-44,False,25.0,quadrado,True,True,True,False,medium,0.6,72131,10819,0.15,3.19,34512.61,457,61942.76,1.79,14.3,,67.6
KLK-0193,2024-07-15,LinkedIn,App Install,app_install,25-34,False,11.0,horizontal,True,True,True,False,medium,,17589,103,0.0059,2.14,220.42,5,48.36,0.22,9.6,0.0098,63.1
KLK-0194,2024-06-20,TikTok,E-commerce,traffic,18-24,False,13.0,vertical,,True,False,True,low,0.14,7232,309,0.0428,0.6,185.4,15,,2.19,2.5,0.0466,58.6
KLK-0195,2024-04-17,Meta,E-commerce,conversions,18-24,True,5.0,quadrado,False,True,False,False,medium,,11520,760,0.066,0.86,653.6,57,2223.54,3.4,2.1,,62.8
KLK-0196,2024-04-11,Meta,App Install,app_install,25-34,False,12.0,vertical,True,True,False,False,low,0.38,32041,4697,0.1466,0.61,2865.17,39,296.33,0.1,7.0,0.0034,41.0
KLK-0197,2024-07-01,TikTok,E-commerce,conversions,18-24,True,27.0,vertical,,True,True,False,medium,0.14,12842,458,0.0357,0.21,96.18,24,1459.5,15.17,23.3,0.0397,78.1
KLK-0198,2024-02-28,LinkedIn,App Install,app_install,35-44,False,29.0,vertical,True,True,True,True,medium,0.63,14045,1550,0.1104,1.23,1906.5,77,596.39,0.31,,0.1,77.7
KLK-0199,2024-05-04,LinkedIn,E-commerce,conversions,35-44,False,27.0,quadrado,True,True,True,True,low,0.08,6420,817,0.1273,0.84,686.28,36,1183.73,1.72,11.6,0.0063,67.3
KLK-0200,2024-04-28,TikTok,SaaS,traffic,25-34,False,30.0,vertical,True,True,False,True,low,0.62,123307,16017,0.1299,,8969.52,347,44111.25,4.92,8.2,0.0835,69.2
KLK-0201,2024-08-02,TikTok,App Install,app_install,25-34,True,,vertical,,True,False,False,low,0.42,14601,689,0.0472,0.45,310.05,84,847.99,2.74,2.5,,53.3
KLK-0202,2024-01-25,Meta,E-commerce,conversions,35-44,False,35.0,quadrado,True,False,False,False,medium,0.37,9378,195,0.0208,,159.9,2,109.74,0.69,6.4,0.0383,47.4
KLK-0203,2024-10-29,Meta,SaaS,awareness,35-44,False,18.0,vertical,False,True,False,False,high,0.17,10655,334,0.0314,0.76,253.84,6,,3.16,8.6,0.0164,42.6
KLK-0204,2024-07-24,LinkedIn,E-commerce,traffic,35-44,False,30.0,horizontal,,False,True,False,low,0.58,57701,542,0.0094,2.94,1593.48,29,1373.55,0.86,17.5,0.0201,40.5
KLK-0205,2024-09-01,TikTok,E-commerce,conversions,18-24,False,7.0,vertical,True,True,False,True,high,0.78,43819,5709,0.1303,0.59,3368.31,122,3000.01,0.89,2.9,0.015,54.1
KLK-0206,2024-09-13,Meta,Lead Gen,engagement,45+,False,12.0,vertical,,True,True,False,low,,12061,574,0.0476,0.81,464.94,24,1447.39,3.11,,0.0531,54.9
KLK-0207,2024-04-16,Meta,SaaS,traffic,18-24,False,7.0,horizontal,True,True,False,True,medium,0.38,22897,471,0.0206,0.82,386.22,13,1615.58,4.18,5.8,0.0131,59.1
KLK-0208,2024-06-20,TikTok,Lead Gen,engagement,18-24,False,12.0,vertical,False,True,True,False,medium,0.46,30700,1479,0.0482,0.52,769.08,22,1277.78,1.66,6.4,0.0397,62.5
KLK-0209,2024-12-15,Meta,E-commerce,conversions,35-44,False,21.0,quadrado,True,True,True,True,medium,0.6,9462,708,0.0749,1.13,800.04,28,1438.19,1.8,17.7,,82.2
KLK-0210,2024-10-06,Meta,Branding,engagement,18-24,False,8.0,vertical,True,False,False,False,medium,0.06,3467,168,0.0487,0.32,53.76,0,0.0,0.0,3.2,0.0266,53.5
KLK-0211,2024-12-19,TikTok,Branding,awareness,18-24,False,34.0,vertical,True,True,False,False,medium,0.63,40865,1033,0.0253,0.4,413.2,4,0.0,0.0,17.8,0.0344,52.2
KLK-0212,2024-09-29,TikTok,App Install,traffic,25-34,True,14.0,vertical,,False,False,False,high,0.3,10112,1516,0.15,0.63,955.08,53,512.11,0.54,4.1,0.0792,42.0
KLK-0213,2024-03-05,TikTok,SaaS,awareness,25-34,False,13.0,vertical,True,True,True,True,high,0.43,37362,2566,0.0687,0.67,1719.22,45,4953.32,2.88,7.3,0.0734,78.5
KLK-0214,2024-01-24,Meta,SaaS,traffic,35-44,False,26.0,vertical,True,False,False,True,medium,0.48,32377,2722,0.0841,0.9,2449.8,51,6199.14,2.53,19.2,0.0157,73.2
KLK-0215,2024-07-29,TikTok,SaaS,conversions,35-44,False,8.0,vertical,True,True,True,False,low,0.35,23551,949,0.0403,0.47,446.03,6,849.24,1.9,5.5,0.0903,60.2
KLK-0216,2024-05-10,Meta,Lead Gen,engagement,18-24,False,18.0,vertical,False,False,False,False,low,0.65,13208,1201,0.091,1.25,1501.25,17,813.82,0.54,7.3,0.0022,36.5
KLK-0217,2024-04-10,Meta,Lead Gen,conversions,18-24,False,11.0,horizontal,False,True,True,True,medium,0.44,10293,361,0.0351,0.84,303.24,6,279.42,0.92,7.2,0.0441,56.0
KLK-0218,2024-10-21,TikTok,Lead Gen,conversions,25-34,False,27.0,vertical,True,True,False,False,medium,0.06,5618,350,0.0623,0.5,175.0,6,457.77,2.62,5.3,0.0107,59.8
KLK-0219,2024-05-13,TikTok,E-commerce,conversions,18-24,False,7.0,vertical,True,True,False,True,medium,0.49,10533,1512,0.1436,0.7,1058.4,59,2340.27,2.21,2.3,0.0076,77.7
KLK-0220,2024-04-25,TikTok,Branding,awareness,25-34,False,13.0,vertical,False,False,False,True,medium,0.81,43589,1521,0.0349,0.57,866.97,10,0.0,0.0,7.9,0.0488,48.8
KLK-0221,2024-11-06,TikTok,Lead Gen,engagement,18-24,False,14.0,vertical,False,True,True,False,high,0.47,117876,3135,0.0266,0.64,2006.4,82,3173.08,1.58,1.2,0.0103,38.2
KLK-0222,2024-11-04,TikTok,E-commerce,traffic,25-34,False,15.0,quadrado,False,False,True,False,medium,,98846,1008,0.0102,0.66,665.28,46,1033.74,1.55,11.2,0.067,46.5
KLK-0223,2024-05-10,Meta,E-commerce,conversions,25-34,False,12.0,quadrado,True,True,False,False,medium,0.48,26226,2084,0.0795,0.71,1479.64,100,4827.81,3.26,7.5,0.0038,66.9
KLK-0224,2024-10-30,Meta,Branding,engagement,35-44,True,10.0,vertical,,False,True,False,medium,0.67,117801,17670,0.15,1.22,85023.8,170,0.0,0.0,10.0,0.0272,70.9
KLK-0225,2024-11-06,Meta,App Install,app_install,25-34,False,12.0,quadrado,True,False,False,True,low,0.56,15242,1441,0.0946,0.21,302.61,75,644.84,2.13,9.7,,57.4
KLK-0226,2024-06-03,Meta,Lead Gen,conversions,25-34,False,23.0,vertical,True,False,True,True,low,0.37,4678,115,0.0247,0.32,36.8,3,247.49,6.73,2.9,0.0068,65.7
KLK-0227,2024-01-25,LinkedIn,E-commerce,traffic,25-34,False,23.0,quadrado,False,True,True,True,high,0.15,220808,6160,0.0279,1.99,12258.4,118,3995.94,0.33,11.5,0.0701,49.3
KLK-0228,2024-01-01,Meta,Branding,awareness,18-24,True,27.0,vertical,False,True,False,True,low,0.43,41746,2926,0.0701,0.7,2048.2,20,0.0,0.0,14.1,0.0265,52.9
KLK-0229,2024-07-10,LinkedIn,E-commerce,conversions,25-34,False,31.0,vertical,True,False,False,False,high,0.57,3492,69,0.02,2.77,191.13,2,116.59,0.61,14.4,0.0086,31.4
KLK-0230,2024-05-05,TikTok,E-commerce,traffic,18-24,False,5.0,vertical,False,True,False,True,low,0.07,143036,1773,0.0124,0.4,709.2,59,2074.62,2.93,1.4,0.0382,46.0
KLK-0231,2024-12-29,TikTok,E-commerce,conversions,18-24,False,14.0,vertical,True,True,False,True,low,0.75,9026,70,0.0078,0.5,35.0,3,119.21,3.41,8.4,0.017,42.5
KLK-0232,2024-10-08,TikTok,Lead Gen,conversions,25-34,False,38.0,vertical,True,True,True,True,high,0.62,12594257,345,0.0295,0.47,162.15,2,77.59,0.48,8.6,0.0361,66.8
KLK-0233,2024-10-04,TikTok,Branding,awareness,18-24,False,24.0,vertical,True,False,False,True,medium,0.46,75031,1125,0.015,,900.0,1,0.0,0.0,13.9,0.1,57.6
KLK-0234,2024-12-14,Meta,App Install,app_install,35-44,False,21.0,vertical,,True,True,True,low,0.03,112876,16570,0.1468,0.61,10107.7,289,1292.62,0.13,5.0,0.0942,67.8
KLK-0235,2024-11-20,Meta,SaaS,traffic,45+,False,9.0,quadrado,True,True,False,False,medium,0.4,6628,98,0.0148,0.4,39.2,2,278.33,7.1,3.7,0.0223,45.7
KLK-0236,2024-04-26,TikTok,Lead Gen,engagement,18-24,False,15.0,vertical,False,False,False,False,medium,0.73,128693,2985,0.0232,0.67,1999.95,40,1766.5,0.88,4.6,0.016,30.4
KLK-0237,2024-03-01,Meta,SaaS,traffic,18-24,False,26.0,vertical,False,True,True,False,medium,0.28,62886,1433,0.0228,0.63,902.79,32,3032.91,3.36,10.6,0.0128,68.3
KLK-0238,2024-09-29,Meta,Lead Gen,conversions,18-24,False,14.0,horizontal,True,False,False,False,low,0.35,8436,267,0.0317,0.78,208.26,10,727.67,3.49,6.7,0.0085,37.5
KLK-0239,2024-05-18,TikTok,SaaS,awareness,25-34,True,14.0,quadrado,True,True,False,True,high,0.65,16397,1687,0.1029,0.4,674.8,108,11035.41,16.35,11.9,0.015,68.6
KLK-0240,2024-06-21,Meta,SaaS,conversions,25-34,False,41.0,horizontal,False,True,True,False,high,0.55,135857,2825,0.0208,24.17,2768.5,88,11936.58,4.31,21.3,0.0174,48.1
KLK-0241,2024-08-18,LinkedIn,SaaS,conversions,25-34,False,,horizontal,True,True,False,True,low,0.05,3385,38,0.0115,1.47,55.86,0,0.0,0.0,3.4,0.0557,54.8
KLK-0242,2024-11-27,LinkedIn,SaaS,awareness,35-44,True,14.0,quadrado,False,True,True,True,high,0.32,115480,8222,0.0712,0.4,3288.8,109,13605.02,4.14,6.7,0.0054,73.1
KLK-0243,2024-06-01,LinkedIn,Branding,awareness,25-34,False,35.0,horizontal,False,False,True,False,high,0.31,60820,2329,0.0383,3.47,8081.63,8,0.0,0.0,13.0,0.0268,44.7
KLK-0244,2024-10-12,Meta,App Install,traffic,35-44,False,22.0,horizontal,True,True,True,True,medium,0.31,40577,1870,0.0461,0.86,1608.2,117,951.1,0.59,15.8,0.0288,77.8
KLK-0245,2024-04-07,Meta,E-commerce,traffic,25-34,False,30.0,quadrado,True,True,True,False,medium,0.65,25797,2868,0.1112,1.06,3040.08,84,3876.02,1.27,13.9,0.0479,69.4
KLK-0246,2024-09-11,LinkedIn,Lead Gen,engagement,35-44,True,33.0,horizontal,False,True,False,True,medium,0.2,234255,35138,0.15,3.45,121226.1,2087,109318.84,0.9,11.0,0.0091,63.4
KLK-0247,2024-01-01,Meta,SaaS,awareness,18-24,False,12.0,quadrado,False,True,False,False,low,0.58,279709,25705,0.0919,0.58,14908.9,399,66350.76,4.45,7.0,0.0176,52.2
KLK-0248,2024-11-14,LinkedIn,App Install,traffic,45+,True,30.0,horizontal,,True,False,True,medium,0.2,10527,954,0.0907,2.55,2432.7,140,1286.4,0.53,18.3,0.0341,78.5
KLK-0249,2024-01-12,LinkedIn,Lead Gen,engagement,35-44,True,14.0,vertical,True,True,False,True,high,0.7,45919,6887,0.15,2.88,19834.56,245,16234.11,0.82,3.4,0.0358,50.0
KLK-0250,2024-09-17,LinkedIn,App Install,app_install,25-34,False,22.0,vertical,True,True,True,False,medium,0.21,208824,23638,0.1132,2.42,57203.96,1092,10081.86,0.18,20.5,0.0377,72.5
KLK-0251,2024-01-17,Meta,E-commerce,conversions,18-24,False,22.0,quadrado,False,False,True,True,medium,0.17,8586,132,0.0154,0.73,96.36,6,233.43,2.42,13.3,0.0554,61.5
KLK-0252,2024-04-07,Meta,Lead Gen,engagement,25-34,False,13.0,vertical,False,True,True,True,low,0.4,29488,1660,0.0563,0.75,1245.0,86,6120.76,4.92,13.0,0.0385,77.0
KLK-0253,2024-06-30,LinkedIn,App Install,traffic,45+,True,,quadrado,False,True,True,True,low,0.37,73471,6663,0.0907,3.31,22054.53,433,4541.91,0.21,84.0,0.0172,66.4
KLK-0254,2024-06-02,Meta,SaaS,traffic,35-44,False,5.0,vertical,True,True,False,False,low,0.51,1962,4,0.0022,0.74,2.96,0,0.0,0.0,1.9,0.0165,37.4
KLK-0255,2024-03-11,Meta,E-commerce,traffic,25-34,True,12.0,vertical,True,False,True,False,low,0.26,59531,4804,0.0807,0.94,4515.76,251,12518.39,2.77,6.7,0.0199,73.2
KLK-0256,2024-05-01,TikTok,Branding,awareness,35-44,False,8.0,vertical,False,True,True,True,medium,0.08,5966,181,0.0305,0.55,99.55,1,0.0,0.0,5.0,0.0636,66.1
KLK-0257,2024-09-22,LinkedIn,App Install,traffic,18-24,False,17.0,horizontal,True,True,True,False,medium,0.47,27744,463,0.0167,1.78,824.14,35,250.93,0.3,8.1,0.0296,65.5
KLK-0258,2024-09-01,TikTok,App Install,traffic,18-24,False,9.0,vertical,True,True,False,False,high,0.28,12873562,3704,0.0426,0.55,2037.2,107,668.83,0.33,2.7,0.0117,31.9
KLK-0259,2024-01-27,TikTok,Lead Gen,conversions,35-44,True,6.0,quadrado,True,False,False,False,medium,0.19,1252,20,0.0161,0.27,95811.69,1,72.62,13.45,2.6,0.0098,42.5
KLK-0260,2024-09-29,Meta,Branding,engagement,35-44,False,26.0,vertical,False,True,False,False,medium,0.22,56558,5129,0.0907,0.9,4616.1,37,0.0,0.0,12.9,0.0082,50.9
KLK-0261,2024-01-20,TikTok,E-commerce,conversions,25-34,False,9.0,vertical,False,False,False,True,medium,0.49,254230,21685,0.0853,0.63,13661.55,669,28857.87,2.11,2.6,,61.1
KLK-0262,2024-07-17,LinkedIn,SaaS,conversions,45+,True,27.0,vertical,True,True,False,False,low,0.1,11614,795,0.0685,3.34,2655.3,38,,1.9,4.1,0.0127,46.7
KLK-0263,2024-04-04,Meta,E-commerce,conversions,45+,True,13.0,vertical,True,True,False,True,low,,44003,6147,0.1397,0.57,3503.79,533,23373.47,6.67,2.6,0.0394,75.5
KLK-0264,2024-08-02,TikTok,Branding,engagement,25-34,False,9.0,vertical,False,False,True,True,low,0.42,109353,7523,0.0688,0.42,3159.66,67,0.0,0.0,4.9,0.0484,66.8
KLK-0265,2024-04-05,LinkedIn,E-commerce,traffic,45+,False,57.0,vertical,False,True,False,False,high,0.64,3256,55,0.0169,2.71,149.05,0,0.0,0.0,15.6,0.014,13.4
KLK-0266,2024-12-25,TikTok,App Install,app_install,25-34,False,19.0,quadrado,True,False,False,False,low,0.55,54657,4793,0.0877,0.43,2060.99,210,1670.59,0.81,9.6,0.1,33.3
KLK-0267,2024-04-23,TikTok,Branding,engagement,18-24,False,5.0,vertical,True,False,False,True,medium,0.69,75246,6057,0.0805,0.21,1271.97,15,0.0,0.0,1.0,0.0549,65.5
KLK-0268,2024-03-29,TikTok,Lead Gen,engagement,35-44,False,,vertical,True,False,False,True,high,0.13,47398,1748,0.0369,0.42,734.16,52,2727.15,3.71,3.2,0.0103,47.0
KLK-0269,2024-04-11,Meta,SaaS,conversions,18-24,False,31.0,vertical,False,True,True,False,medium,,24439,1952,0.0799,0.87,1698.24,26,2331.02,1.37,,0.0503,72.2
KLK-0270,2024-11-23,Meta,Lead Gen,conversions,45+,True,12.0,horizontal,True,False,False,True,low,0.43,6630,994,0.15,1.06,1053.64,53,2129.71,2.02,4.5,0.0245,63.7
KLK-0271,2024-08-20,TikTok,E-commerce,traffic,25-34,True,5.0,quadrado,True,True,False,True,high,0.4,116974,15966,0.1365,0.75,11974.5,726,35725.95,2.98,1.2,0.0428,64.3
KLK-0272,2024-09-23,TikTok,Lead Gen,conversions,25-34,False,21.0,vertical,False,False,True,True,low,0.5,22957,583,0.0254,0.52,303.16,18,935.55,3.09,19.2,0.0084,50.4
KLK-0273,2024-12-01,LinkedIn,E-commerce,traffic,35-44,False,27.0,horizontal,False,True,False,True,medium,0.37,7445,452,0.0608,,1319.84,22,1196.2,0.91,3.0,0.0135,52.2
KLK-0274,2024-11-28,LinkedIn,SaaS,traffic,25-34,False,28.0,horizontal,True,False,True,False,high,0.53,15038,556,0.037,3.22,1790.32,9,685.02,0.38,12.4,0.06,43.9
KLK-0275,2024-09-26,TikTok,Branding,engagement,18-24,False,18.0,vertical,False,True,False,True,medium,0.22,34271,867,0.0253,0.19,164.73,6,0.0,0.0,5.5,0.1,53.8
KLK-0276,2024-03-13,TikTok,E-commerce,conversions,45+,False,6.0,vertical,True,True,False,False,medium,0.37,3383,218,0.0645,0.35,76.3,10,394.57,5.17,3.3,0.0452,71.3
KLK-0277,2024-11-03,TikTok,E-commerce,conversions,45+,False,,vertical,True,True,True,True,low,0.59,22505,1071,0.0476,0.52,556.92,67,,3.71,5.0,0.043,90.6
KLK-0278,2024-03-15,TikTok,Branding,awareness,18-24,True,27.0,quadrado,True,False,False,False,medium,0.62,13356,637,0.0477,0.73,465.01,7,0.0,0.0,20.0,0.0325,49.7
KLK-0279,2024-09-28,TikTok,Branding,awareness,45+,False,6.0,vertical,False,True,True,False,medium,0.62,109450,3841,0.0351,0.59,2266.19,18,0.0,0.0,3.0,0.0388,53.8
KLK-0280,2024-09-07,TikTok,App Install,traffic,35-44,False,7.0,vertical,True,True,False,False,medium,0.3,2321,43,0.0186,0.55,23.65,0,,0.0,0.9,,50.8
KLK-0281,2024-10-03,LinkedIn,Branding,engagement,35-44,False,15.0,quadrado,False,False,True,False,high,0.5,67948,8065,0.1187,2.33,18791.45,27,0.0,0.0,9.5,0.0143,47.2
KLK-0282,2024-07-13,Meta,App Install,app_install,18-24,False,57.0,vertical,,True,False,False,high,0.41,120633,2111,0.0175,0.9,1899.9,87,733.24,0.39,8.7,0.0023,21.1
KLK-0283,2024-08-21,Meta,E-commerce,traffic,45+,False,22.0,quadrado,False,True,True,True,high,,2429,300,0.1239,0.66,198.0,10,485.45,2.45,16.9,0.0725,74.1
KLK-0284,2024-12-13,Meta,SaaS,conversions,35-44,True,29.0,quadrado,False,True,False,False,low,0.12,2805,132,0.0472,0.61,80.52,10,1447.5,17.98,15.4,0.0054,45.5
KLK-0285,2024-02-06,TikTok,E-commerce,conversions,35-44,True,13.0,vertical,False,True,True,False,medium,0.55,187790,20074,0.1069,0.4,8029.6,1288,57649.76,7.18,8.7,0.0092,71.7
KLK-0286,2024-04-22,Meta,Lead Gen,conversions,35-44,False,11.0,horizontal,True,True,False,True,high,0.92,7440,256,0.0345,1.12,286.72,2,100.18,0.35,3.6,0.0388,40.8
KLK-0287,2024-08-11,Meta,App Install,traffic,35-44,False,24.0,vertical,True,True,False,True,high,0.45,903286,43448,0.0481,0.6,26068.8,2474,17381.53,0.67,8.5,0.021,61.7
KLK-0288,2024-12-17,TikTok,SaaS,conversions,25-34,False,6.0,vertical,False,True,False,False,medium,0.16,2522,142,0.0565,0.44,62.48,3,317.71,5.08,,0.013,59.0
KLK-0289,2024-02-04,Meta,SaaS,conversions,25-34,True,9.0,quadrado,True,True,False,False,low,0.16,27012,2034,0.0753,0.91,1850.94,66,6267.35,3.39,2.8,0.0147,60.6
KLK-0290,2024-01-09,TikTok,Lead Gen,conversions,18-24,True,18.0,vertical,False,False,False,True,low,0.55,21416,1132,0.0529,0.37,418.84,125,8676.32,20.72,6.5,0.0695,58.2
KLK-0291,2024-01-21,Meta,E-commerce,conversions,25-34,False,7.0,vertical,,True,True,True,medium,0.32,17157,919,0.0536,0.85,781.15,7,348.19,0.45,1.9,0.0345,89.1
KLK-0292,2024-01-20,Meta,App Install,app_install,18-24,True,15.0,vertical,True,True,True,False,medium,0.06,38390,2122,0.0553,0.85,1803.7,286,1526.09,0.85,11.7,0.0249,75.9
KLK-0293,2024-11-27,TikTok,App Install,app_install,25-34,True,11.0,vertical,False,False,True,True,high,0.68,41141,3953,0.0961,0.41,1620.73,314,2096.85,1.29,5.7,0.0504,54.4
KLK-0294,2024-09-20,Meta,App Install,traffic,35-44,False,12.0,vertical,,True,False,False,low,0.59,18012,371,0.0206,0.74,274.54,10,62.53,0.23,9.8,0.0062,40.1
KLK-0295,2024-09-04,Meta,E-commerce,traffic,45+,False,5.0,quadrado,,True,False,False,low,0.4,6522,348,0.0534,0.57,198.36,23,1100.69,5.55,3.7,0.0105,56.8
KLK-0296,2024-07-09,TikTok,Lead Gen,conversions,18-24,False,9.0,quadrado,True,False,True,False,medium,0.19,77444,4321,0.0558,0.71,3067.91,167,12177.33,3.97,2.2,0.0138,61.2
KLK-0297,2024-10-12,TikTok,Lead Gen,conversions,25-34,True,8.0,vertical,True,False,False,True,medium,0.41,46801,3322,0.071,0.54,1793.88,175,11441.19,6.38,2.0,0.0375,75.6
KLK-0298,2024-02-26,Meta,App Install,traffic,18-24,False,18.0,vertical,False,False,False,False,low,0.54,25273,224,0.0089,0.55,123.2,8,55.02,0.45,9.6,0.0142,17.6
KLK-0299,2024-05-23,TikTok,Branding,engagement,18-24,False,13.0,vertical,False,False,False,False,medium,0.47,45055,3018,0.067,0.52,1569.36,16,0.0,0.0,4.7,0.013,44.0
KLK-0300,2024-06-27,Meta,Lead Gen,conversions,18-24,False,21.0,horizontal,False,False,True,False,medium,0.46,55421,7808,0.1409,0.84,6558.72,190,8224.3,1.25,19.0,0.0103,57.7
KLK-0301,2024-02-10,Meta,Branding,awareness,35-44,False,11.0,vertical,True,True,True,True,medium,0.2,8830,478,0.0542,0.26,124.28,3,0.0,0.0,7.6,0.0136,82.8
KLK-0302,2024-06-02,TikTok,E-commerce,conversions,18-24,False,,vertical,True,False,False,True,medium,0.47,43166,2253,0.0522,0.7,1577.1,81,4261.77,2.7,5.2,0.0023,63.1
KLK-0303,2024-04-25,TikTok,App Install,app_install,25-34,False,6.0,vertical,False,True,False,False,medium,0.14,11343,309,0.0273,0.35,108.15,19,,1.81,0.7,0.0124,41.1
KLK-0304,2024-01-13,TikTok,App Install,traffic,18-24,False,5.0,vertical,True,False,True,True,medium,0.4,57666,5830,0.1011,,4722.3,284,1947.21,0.41,3.0,0.0425,67.6
KLK-0305,2024-02-19,TikTok,SaaS,conversions,35-44,False,5.0,vertical,False,True,False,True,high,0.55,17485,482,0.0276,,298.84,12,1453.86,4.87,1.9,0.0118,48.0
KLK-0306,2024-10-05,LinkedIn,Branding,awareness,45+,False,19.0,quadrado,False,True,False,True,low,0.48,45892,1688,0.0368,1.65,2785.2,12,0.0,0.0,12.0,0.0041,41.1
KLK-0307,2024-01-07,TikTok,Lead Gen,conversions,45+,False,8.0,quadrado,False,True,False,False,high,0.54,13087,562,0.043,0.45,252.9,28,1120.95,4.43,3.4,0.0388,38.8
KLK-0308,2024-12-07,Meta,Lead Gen,conversions,45+,False,26.0,vertical,False,False,False,True,low,0.64,48846,1353,0.0277,1.02,1380.06,48,2275.96,1.65,,0.0631,43.9
KLK-0309,2024-02-01,TikTok,SaaS,traffic,35-44,True,9.0,vertical,True,True,True,True,high,0.33,6805,1020,0.15,,469.2,26,4364.03,9.3,5.2,0.0686,87.8
KLK-0310,2024-10-18,Meta,E-commerce,traffic,45+,False,19.0,vertical,False,False,True,True,medium,0.75,23003,1870,0.0813,1.08,2019.6,60,2182.83,1.08,19.0,0.0306,73.5
KLK-0311,2024-11-23,Meta,Lead Gen,engagement,35-44,False,27.0,horizontal,True,False,False,False,low,0.35,71450,2643,0.037,0.71,1876.53,78,4341.32,2.31,15.2,0.0076,36.7
KLK-0312,2024-12-09,Meta,Lead Gen,conversions,18-24,False,11.0,quadrado,False,True,True,True,medium,0.54,38586,3418,0.0886,0.78,2666.04,79,4168.42,1.56,11.0,0.0347,88.5
KLK-0313,2024-11-12,Meta,E-commerce,conversions,25-34,False,20.0,horizontal,True,False,True,True,low,0.77,27734,1345,0.0485,1.03,1385.35,33,,0.64,12.5,0.0731,55.8
KLK-0314,2024-04-14,LinkedIn,Lead Gen,engagement,25-34,False,40.0,horizontal,False,False,True,True,high,0.32,191812,11336,0.0591,2.95,33441.2,363,22140.34,0.66,39.0,0.018,58.2
KLK-0315,2024-05-01,TikTok,Lead Gen,conversions,25-34,False,7.0,vertical,False,True,True,False,medium,0.27,75234,4431,0.0589,0.36,1595.16,80,4775.76,2.99,3.9,0.0158,74.9
KLK-0316,2024-06-04,TikTok,App Install,app_install,25-34,False,12.0,vertical,True,True,True,True,medium,0.36,61491,4335,0.0705,0.57,2470.95,103,853.8,0.35,6.5,0.0392,87.9
KLK-0317,2024-02-20,Meta,App Install,traffic,45+,False,11.0,vertical,True,True,True,True,medium,0.22,48515,1038,0.0214,0.84,871.92,15,117.97,0.14,3.1,0.0183,68.3
KLK-0318,2024-01-09,Meta,SaaS,traffic,45+,False,8.0,vertical,False,True,True,True,medium,0.58,56344,2518,0.0447,0.58,1460.44,60,6537.8,4.48,6.0,0.0312,83.4
KLK-0319,2024-11-13,Meta,E-commerce,traffic,25-34,False,7.0,vertical,True,True,True,False,low,0.37,160897,2670,0.0166,0.47,1254.9,106,4276.52,3.41,1.3,0.0204,53.8
KLK-0320,2024-07-21,Meta,SaaS,conversions,25-34,False,8.0,vertical,True,False,False,False,medium,0.22,13343,290,0.0218,0.34,98.6,5,,5.48,6.5,0.0355,56.7
KLK-0321,2024-08-10,TikTok,Lead Gen,conversions,45+,False,13.0,vertical,True,True,False,False,medium,0.2,73960,4267,0.0577,0.46,1962.82,178,8568.16,4.37,4.8,0.0487,73.4
KLK-0322,2024-12-04,TikTok,E-commerce,traffic,18-24,False,5.0,vertical,True,False,False,False,medium,0.42,33785,709,0.021,0.49,347.41,14,524.94,1.51,3.8,,50.8
KLK-0323,2024-08-30,TikTok,SaaS,awareness,25-34,True,9.0,vertical,False,True,True,True,medium,0.38,13908,1809,0.1301,,1049.22,83,8023.95,7.65,3.2,0.0235,86.9
KLK-0324,2024-09-09,Meta,SaaS,traffic,25-34,False,27.0,vertical,True,True,True,False,low,0.41,19542,1924,0.0985,1.0,1924.0,39,5216.71,2.71,19.7,0.0207,79.2
KLK-0325,2024-10-14,LinkedIn,App Install,traffic,35-44,True,31.0,horizontal,True,False,False,True,medium,,28652,1171,0.0409,2.19,2564.49,74,628.24,0.24,17.4,0.0255,50.8
KLK-0326,2024-02-12,TikTok,Lead Gen,conversions,18-24,False,,vertical,True,False,False,False,high,0.46,7848,278,0.0355,0.49,136.22,6,361.95,2.66,4.3,,29.4
KLK-0327,2024-05-11,TikTok,SaaS,traffic,35-44,True,28.0,quadrado,True,True,True,True,low,0.21,62119,9317,0.15,0.39,3633.63,287,47818.32,13.16,28.0,0.0215,74.5
KLK-0328,2024-12-19,TikTok,SaaS,awareness,25-34,False,31.0,vertical,True,True,True,True,medium,0.27,19468,1931,0.0992,0.51,984.81,42,4106.9,4.17,31.0,0.0121,99.0
KLK-0329,2024-12-02,Meta,Branding,awareness,18-24,True,17.0,quadrado,True,True,False,False,low,0.19,24389,3185,0.1306,,3280.55,39,0.0,0.0,6.2,0.0018,52.3
KLK-0330,2024-11-18,Meta,SaaS,conversions,25-34,False,5.0,horizontal,True,True,True,True,low,0.29,112267,16840,0.15,0.82,13808.8,279,31738.84,2.3,1.7,0.0309,72.5
KLK-0331,2024-06-14,Meta,E-commerce,conversions,25-34,False,28.0,horizontal,True,True,True,False,low,,25737,3147,0.1223,1.08,3398.76,78,3620.33,1.07,13.5,0.0443,62.2
KLK-0332,2024-11-08,TikTok,SaaS,awareness,45+,False,5.0,vertical,,True,False,True,medium,0.41,141946,1320,0.0093,0.64,844.8,27,3674.9,4.35,4.1,0.0319,61.7
KLK-0333,2024-01-18,Meta,E-commerce,traffic,35-44,False,40.0,horizontal,,True,True,True,medium,0.07,11733,665,0.0567,1.15,764.75,7,284.92,0.37,32.0,0.0285,79.1
KLK-0334,2024-02-24,Meta,E-commerce,traffic,25-34,False,32.0,horizontal,False,False,True,False,low,0.77,5904,401,0.068,0.83,332.83,14,496.86,1.49,,0.0042,39.2
KLK-0335,2024-05-31,Meta,SaaS,conversions,25-34,False,48.0,quadrado,True,True,True,False,low,,15552,1248,0.0803,0.67,836.16,40,3943.9,4.72,11.6,0.0155,67.1
KLK-0336,2024-06-25,Meta,SaaS,awareness,25-34,False,,quadrado,True,True,False,False,high,0.2,1000,58,0.0583,0.95,55.1,0,0.0,0.0,10.1,0.0464,48.0
KLK-0337,2024-04-06,LinkedIn,Lead Gen,engagement,35-44,False,20.0,quadrado,False,True,True,True,low,0.26,65310,4375,0.067,,9712.5,121,8141.07,0.84,5.8,0.0018,59.5
KLK-0338,2024-05-10,TikTok,SaaS,traffic,25-34,False,10.0,vertical,True,False,True,True,high,0.48,6331,257,0.0407,0.59,151.63,7,937.9,6.19,7.1,0.0387,78.8
KLK-0339,2024-02-29,Meta,App Install,app_install,25-34,True,12.0,quadrado,False,False,True,False,low,0.55,10496,1574,0.15,0.64,1007.36,184,1938.23,1.92,6.6,0.0025,44.0
KLK-0340,2024-06-27,Meta,App Install,traffic,35-44,True,30.0,vertical,False,True,False,False,medium,0.51,52027,1727,0.0332,0.6,1036.2,159,1377.56,1.33,19.2,0.0145,45.7
KLK-0341,2024-10-16,Meta,E-commerce,conversions,35-44,False,25.0,vertical,True,False,True,True,low,,25411,3811,0.15,1.09,4153.99,130,6616.61,1.59,22.0,0.0141,75.0
KLK-0342,2024-08-29,Meta,Branding,engagement,45+,False,18.0,vertical,False,True,False,False,high,,12982,177,0.0137,0.56,99.12,0,0.0,0.0,4.8,0.0106,25.7
KLK-0343,2024-02-09,Meta,E-commerce,conversions,45+,False,11.0,vertical,False,True,True,False,medium,0.72,1912,153,0.0805,1.05,160.65,6,295.1,1.84,7.1,0.0218,65.1
KLK-0344,2024-06-26,Meta,Lead Gen,engagement,35-44,False,80.0,vertical,True,True,False,False,low,0.33,104921,2392,0.0228,0.94,2248.48,33,2411.48,1.07,71.3,0.0393,52.6
KLK-0345,2024-09-11,Meta,E-commerce,traffic,35-44,True,28.0,vertical,True,True,False,False,low,0.48,52454,2502,0.0477,0.82,2051.64,30,1399.0,0.68,12.6,0.0182,51.6
KLK-0346,2024-07-12,TikTok,SaaS,awareness,18-24,True,,vertical,True,False,True,False,medium,0.64,259591,38938,0.15,0.22,8566.36,2185,234866.62,27.42,5.0,0.0457,76.5
KLK-0347,2024-05-22,TikTok,E-commerce,traffic,35-44,False,9.0,vertical,False,False,True,True,medium,,10768,989,0.0919,0.72,712.08,39,1677.7,2.36,4.5,0.0395,67.3
KLK-0348,2024-08-14,Meta,Lead Gen,engagement,25-34,False,29.0,horizontal,False,True,True,True,low,0.4,3845,21,0.0055,0.58,12.18,0,0.0,0.0,15.8,0.0094,38.4
KLK-0349,2024-12-19,Meta,App Install,app_install,25-34,True,10.0,vertical,False,True,True,False,low,0.57,72671,8393,0.1155,1.03,8644.79,532,3837.84,0.44,3.3,0.0492,61.4
KLK-0350,2024-02-04,TikTok,App Install,traffic,18-24,False,15.0,vertical,False,True,False,True,high,0.18,17576,423,0.0241,,169.2,22,207.3,1.23,1.6,0.1,49.8
KLK-0351,2024-05-22,TikTok,E-commerce,conversions,35-44,False,20.0,vertical,True,True,True,True,low,0.52,46807,7021,0.15,0.38,2667.98,202,12559.83,4.71,9.0,0.1,85.4
KLK-0352,2024-05-28,LinkedIn,Branding,awareness,25-34,False,10.0,quadrado,,True,True,True,medium,0.04,153875,14141,0.0919,3.0,42423.0,61,0.0,0.0,7.5,0.0639,90.0
KLK-0353,2024-07-29,TikTok,E-commerce,traffic,25-34,False,12.0,vertical,False,True,True,True,medium,,35093,350,0.01,0.58,203.0,17,879.31,4.33,5.5,0.0529,68.7
KLK-0354,2024-02-25,Meta,Lead Gen,engagement,25-34,False,16.0,horizontal,True,True,False,False,high,0.6,26923,918,0.0341,0.53,486.54,25,,3.3,3.7,0.0135,32.9
KLK-0355,2024-03-05,Meta,E-commerce,traffic,18-24,False,13.0,horizontal,False,True,True,False,high,0.36,29027,2197,0.0757,1.14,2504.58,55,2090.45,0.83,4.7,0.0035,44.6
KLK-0356,2024-04-14,TikTok,E-commerce,traffic,18-24,False,14.0,vertical,True,True,True,True,high,,3088,288,0.0933,0.47,135.36,4,148.77,1.1,10.4,0.0884,84.3
KLK-0357,2024-12-14,Meta,E-commerce,traffic,35-44,False,24.0,vertical,True,True,True,True,low,0.28,83253,299,0.0036,0.82,245.18,11,,1.66,20.0,0.0127,60.2
KLK-0358,2024-09-24,TikTok,SaaS,traffic,35-44,False,13.0,quadrado,False,False,False,False,high,0.33,89904,1384,0.0154,0.46,636.64,39,,8.17,5.9,0.0112,22.4
KLK-0359,2024-08-29,LinkedIn,App Install,traffic,25-34,True,20.0,quadrado,,True,False,False,low,0.37,41634,5046,0.1212,1.67,8426.82,311,2294.2,0.27,9.4,0.0049,43.6
KLK-0360,2024-10-25,TikTok,E-commerce,conversions,35-44,False,,vertical,,False,True,False,medium,0.52,3574,266,0.0747,0.61,162.26,11,492.13,3.03,6.3,0.0025,70.5
KLK-0361,2024-02-16,Meta,Branding,engagement,35-44,False,17.0,horizontal,False,True,True,False,medium,0.61,19046,1196,0.0628,0.87,1040.52,3,0.0,0.0,17.0,0.0048,60.6
KLK-0362,2024-11-09,TikTok,SaaS,conversions,18-24,False,11.0,vertical,True,False,True,True,low,0.16,123776,5396,0.0436,0.38,2050.48,140,13976.18,6.82,10.0,0.0225,79.7
KLK-0363,2024-08-05,Meta,App Install,traffic,35-44,True,7.0,vertical,False,False,True,True,high,0.62,11171,272,0.0244,1.03,280.16,24,172.73,0.62,5.1,0.0156,50.7
KLK-0364,2024-05-02,TikTok,SaaS,traffic,45+,False,6.0,vertical,False,True,False,False,low,0.24,91226,7599,0.0833,0.51,3875.49,168,21461.86,5.54,2.8,0.0541,59.1
KLK-0365,2024-10-24,LinkedIn,SaaS,conversions,35-44,False,,quadrado,False,True,False,False,medium,,23531,960,0.0408,2.56,2457.6,13,1469.25,0.6,1.7,0.0016,44.1
KLK-0366,2024-10-19,Meta,App Install,traffic,25-34,False,19.0,quadrado,False,False,True,False,medium,0.28,51792,3345,0.0646,1.23,4114.35,172,1321.66,0.32,7.1,0.001,55.8
KLK-0367,2024-11-04,LinkedIn,E-commerce,traffic,45+,False,24.0,quadrado,True,True,False,True,high,0.55,13432,257,0.0192,1.29,331.53,6,214.24,0.65,4.3,0.0215,39.5
KLK-0368,2024-02-12,LinkedIn,E-commerce,conversions,35-44,False,12.0,horizontal,True,True,True,False,low,0.64,24373,2890,0.1186,1.28,3699.2,84,3640.96,0.98,10.0,0.0319,72.6
KLK-0369,2024-12-19,Meta,Lead Gen,engagement,18-24,False,24.0,vertical,False,True,False,False,low,0.12,37199,208,0.0056,0.46,95.68,2,159.65,1.67,5.7,0.0158,28.6
KLK-0370,2024-12-16,Meta,Lead Gen,engagement,35-44,True,,quadrado,True,True,False,True,medium,0.56,6003,129,0.0216,0.89,114.81,5,273.22,2.38,22.0,0.0125,56.7
KLK-0371,2024-05-10,Meta,SaaS,awareness,25-34,False,11.0,quadrado,False,True,True,True,low,0.67,30598,868,0.0284,0.71,616.28,13,1202.13,1.95,9.5,0.0376,59.3
KLK-0372,2024-01-25,Meta,E-commerce,traffic,45+,False,6.0,quadrado,True,False,False,True,medium,0.31,1000,89,0.0899,0.73,64.97,3,160.87,2.48,4.6,0.0219,68.9
KLK-0373,2024-03-01,Meta,App Install,traffic,25-34,False,11.0,vertical,False,True,True,True,low,0.56,10702,1203,0.1125,0.57,685.71,67,592.1,0.86,4.3,0.0269,70.0
KLK-0374,2024-12-28,TikTok,SaaS,traffic,18-24,False,,quadrado,,True,True,True,medium,0.07,42304,4653,0.11,0.75,3489.75,70,8757.2,2.51,19.0,0.0104,87.0
KLK-0375,2024-07-24,Meta,E-commerce,traffic,35-44,False,23.0,vertical,False,False,True,True,high,0.53,84483,3353,0.0397,1.28,4291.84,109,3611.41,0.84,15.6,0.0507,55.4
KLK-0376,2024-05-10,Meta,E-commerce,conversions,25-34,True,9.0,horizontal,True,True,True,False,medium,0.3,38843,5826,0.15,1.02,5942.52,682,23467.95,3.95,7.5,0.0793,81.2
KLK-0377,2024-04-15,TikTok,Branding,awareness,18-24,False,26.0,vertical,False,False,False,True,medium,0.16,4153,120,0.029,0.27,32.4,0,0.0,0.0,11.2,0.0148,43.8
KLK-0378,2024-04-03,Meta,Branding,engagement,35-44,False,37.0,quadrado,True,True,False,True,low,0.56,76071,3575,0.047,0.68,2431.0,14,0.0,0.0,8.4,0.0204,54.4
KLK-0379,2024-08-30,TikTok,E-commerce,traffic,35-44,False,8.0,vertical,True,True,False,False,medium,0.21,5614,78,0.014,0.62,48.36,0,0.0,0.0,4.0,0.028,49.4
KLK-0380,2024-06-02,Meta,E-commerce,conversions,18-24,True,11.0,horizontal,False,False,False,False,low,0.3,46029,4888,0.1062,0.79,3861.52,225,11067.17,2.87,2.6,0.0303,37.0
KLK-0381,2024-12-18,Meta,E-commerce,conversions,35-44,False,12.0,quadrado,,True,False,False,low,0.22,5842,145,0.0249,1.02,147.9,3,,1.27,6.1,0.0065,33.7
KLK-0382,2024-09-06,TikTok,Branding,engagement,18-24,False,9.0,vertical,False,False,True,True,medium,0.45,8709,695,0.0799,0.69,479.55,6,0.0,0.0,6.0,0.0177,70.7
KLK-0383,2024-10-16,TikTok,E-commerce,conversions,18-24,False,20.0,vertical,True,False,True,False,medium,0.59,6991,657,0.094,0.79,519.03,15,631.3,1.22,8.0,0.0322,62.2
KLK-0384,2024-04-16,LinkedIn,E-commerce,traffic,35-44,True,30.0,horizontal,True,False,True,True,medium,0.16,26023,3903,0.15,2.01,7845.03,278,12776.62,1.63,15.6,0.0195,77.3
KLK-0385,2024-01-29,TikTok,Branding,awareness,18-24,True,19.0,vertical,True,True,False,False,medium,0.2,17419,968,0.0556,0.51,493.68,11,0.0,0.0,3.9,,55.9
KLK-0386,2024-06-27,TikTok,E-commerce,conversions,35-44,True,17.0,quadrado,True,False,False,True,medium,0.34,40566,6084,0.15,,2616.12,614,,11.61,7.8,0.0118,66.1
KLK-0387,2024-04-24,Meta,Branding,awareness,25-34,False,46.0,vertical,True,True,True,False,low,0.44,21539,646,0.03,0.32,206.72,3,0.0,0.0,8.0,0.0032,54.1
KLK-0388,2024-03-14,Meta,E-commerce,conversions,35-44,True,9.0,horizontal,False,True,False,True,high,0.27,3563,517,0.1453,0.97,501.49,28,908.53,1.81,1.3,0.0055,46.5
KLK-0389,2024-12-13,TikTok,E-commerce,traffic,18-24,True,15.0,vertical,True,False,False,False,medium,,30667,990,0.0323,0.58,574.2,53,1531.48,2.67,9.5,0.0751,51.5
KLK-0390,2024-06-11,TikTok,E-commerce,conversions,45+,True,5.0,vertical,False,True,False,True,low,0.09,2658,395,0.1489,0.42,165.9,31,1529.06,9.22,2.1,0.0617,72.6
KLK-0391,2024-03-04,LinkedIn,Branding,awareness,35-44,False,13.0,horizontal,False,False,True,True,low,,7626,900,0.1181,1.3,1170.0,3,0.0,0.0,9.6,,67.9
KLK-0392,2024-03-13,Meta,Lead Gen,engagement,35-44,True,16.0,vertical,False,False,True,True,high,0.46,14232,1845,0.1297,0.71,1309.95,61,2803.9,2.14,13.6,0.0058,59.1
KLK-0393,2024-04-12,Meta,Lead Gen,conversions,25-34,False,21.0,horizontal,False,False,True,False,low,0.29,13097,836,0.0639,0.98,819.28,19,998.85,1.22,8.8,0.0166,53.8
KLK-0394,2024-12-30,TikTok,SaaS,awareness,18-24,False,12.0,quadrado,False,True,True,False,high,0.51,3050,129,0.0425,0.7,90.3,1,166.86,1.85,5.8,0.0372,50.1
KLK-0395,2024-04-07,Meta,Branding,engagement,25-34,False,12.0,vertical,True,False,True,False,low,0.2,114164,17124,0.15,0.63,10788.12,148,0.0,0.0,3.5,0.0091,56.1
KLK-0396,2024-04-30,LinkedIn,E-commerce,conversions,45+,False,20.0,horizontal,True,True,False,True,high,0.58,159150,23872,0.15,3.33,79493.76,1034,53297.24,0.67,17.1,0.047,58.3
KLK-0397,2024-08-28,LinkedIn,E-commerce,traffic,35-44,False,49.0,horizontal,,False,True,True,high,0.81,328052,13581,0.0414,,40335.57,783,38202.45,0.95,21.2,0.0134,47.0
KLK-0398,2024-04-17,Meta,Lead Gen,engagement,35-44,False,13.0,horizontal,True,True,False,False,medium,0.56,87306,1126,0.0129,0.9,1013.4,40,3043.89,3.0,5.3,0.0145,44.7
KLK-0399,2024-03-19,TikTok,E-commerce,traffic,25-34,False,29.0,vertical,False,True,True,True,low,0.47,13704,1898,0.1385,0.31,588.38,106,4652.57,7.91,4.5,0.0097,76.8
KLK-0400,2024-02-27,TikTok,E-commerce,traffic,18-24,False,18.0,vertical,,True,False,False,low,0.19,13423,526,0.0392,0.31,163.06,21,650.09,3.99,15.5,0.0318,62.3
KLK-0401,2024-04-24,Meta,E-commerce,conversions,35-44,False,,horizontal,False,True,True,False,low,0.71,12563,1165,0.0928,0.6,699.0,52,2804.51,4.01,11.9,0.0217,64.1
KLK-0402,2024-02-08,LinkedIn,E-commerce,traffic,35-44,False,14.0,horizontal,False,True,False,False,medium,0.3,238652,18423,0.0772,2.26,41635.98,94,4018.65,0.1,6.3,0.0039,47.0
KLK-0403,2024-01-07,TikTok,E-commerce,conversions,25-34,False,19.0,vertical,,False,False,True,low,0.58,19174,834,0.0435,0.77,642.18,18,1016.46,1.58,7.3,0.0045,48.7
KLK-0404,2024-10-20,TikTok,App Install,app_install,25-34,False,10.0,vertical,False,True,True,True,low,0.4,101020,6212,0.0615,0.4,2484.8,283,2633.47,1.06,7.7,0.0585,73.4
KLK-0405,2024-02-20,Meta,SaaS,conversions,25-34,False,8.0,horizontal,True,True,True,True,medium,0.21,92016,10434,0.1134,,10329.66,213,30650.89,2.97,8.0,0.0166,78.4
KLK-0406,2024-10-10,LinkedIn,Lead Gen,conversions,25-34,False,32.0,horizontal,True,True,False,False,medium,0.03,27652,395,0.0143,2.15,849.25,11,972.64,1.15,5.5,0.0235,57.5
KLK-0407,2024-10-18,Meta,Lead Gen,conversions,35-44,False,7.0,quadrado,False,True,True,True,low,0.46,3858,195,0.0508,0.91,177.45,6,380.3,2.14,2.4,0.036,75.0
KLK-0408,2024-07-15,Meta,SaaS,awareness,35-44,True,10.0,quadrado,True,True,True,True,low,0.66,19678,2567,0.1305,0.78,2002.26,122,18864.68,9.42,7.1,0.0107,88.2
KLK-0409,2024-04-23,LinkedIn,E-commerce,conversions,35-44,True,24.0,horizontal,False,True,True,True,high,0.33,26274,1615,0.0615,2.63,4247.45,152,6286.17,1.48,8.3,0.0109,69.7
KLK-0410,2024-02-22,Meta,SaaS,conversions,45+,False,62.0,quadrado,True,True,True,True,medium,0.02,102079,3654,0.0358,,3252.06,92,12233.89,3.76,20.5,0.004,77.3
KLK-0411,2024-09-25,Meta,App Install,app_install,18-24,True,11.0,quadrado,True,True,False,False,medium,0.49,22546,1064,0.0472,0.74,787.36,141,1014.69,1.29,0.7,0.0154,57.9
KLK-0412,2024-08-07,LinkedIn,E-commerce,conversions,45+,False,20.0,horizontal,False,True,True,False,medium,0.87,5165,225,0.0437,2.78,625.5,11,542.44,0.87,18.2,0.0228,60.0
KLK-0413,2024-08-27,LinkedIn,App Install,traffic,45+,True,35.0,horizontal,True,True,False,True,low,0.23,14052761,2695,0.0374,3.43,9243.85,259,2227.32,0.24,26.7,0.008,58.0
KLK-0414,2024-01-04,TikTok,SaaS,traffic,35-44,False,7.0,vertical,True,True,False,True,medium,0.09,16763,1753,0.1046,0.39,683.67,64,4514.97,6.6,3.4,0.0158,71.9
KLK-0415,2024-12-04,TikTok,App Install,app_install,35-44,False,15.0,vertical,True,False,False,False,medium,0.44,1038,32,0.0313,0.68,21.76,2,14.04,0.65,7.4,0.0025,40.2
KLK-0416,2024-01-25,Meta,SaaS,traffic,25-34,False,34.0,horizontal,False,False,False,True,medium,0.24,32532,1538,0.0473,26.05,1138.12,20,2510.55,2.21,21.2,0.008,41.5
KLK-0417,2024-05-13,Meta,E-commerce,traffic,25-34,False,14.0,vertical,True,True,False,False,medium,0.44,40172,3085,0.0768,0.71,2190.35,124,3060.75,1.4,7.0,0.0227,56.9
KLK-0418,2024-05-26,Meta,Lead Gen,engagement,35-44,True,30.0,horizontal,True,False,True,False,low,0.27,8010,563,0.0704,0.97,546.11,8,470.8,0.86,15.2,0.0066,51.7
KLK-0419,2024-01-01,TikTok,Branding,awareness,18-24,True,14.0,vertical,True,True,False,True,high,0.29,17492,2298,0.1314,0.45,1034.1,7,0.0,0.0,8.5,0.0146,55.8
KLK-0420,2024-06-30,TikTok,E-commerce,conversions,18-24,False,8.0,vertical,True,True,False,False,medium,0.18,48497,2274,0.0469,0.55,1250.7,63,3572.24,2.86,3.5,0.0366,66.1
KLK-0421,2024-10-01,TikTok,Lead Gen,conversions,25-34,False,11.0,vertical,False,False,False,False,high,0.28,32798,350,0.0107,0.53,185.5,6,303.66,1.64,1.7,0.0132,26.3
KLK-0422,2024-10-27,TikTok,SaaS,conversions,18-24,False,10.0,vertical,False,True,False,True,high,0.56,3377,117,0.0349,0.19,22.23,1,152.75,6.87,,0.0392,52.7
KLK-0423,2024-11-16,Meta,Lead Gen,engagement,45+,False,16.0,vertical,,False,True,True,low,0.07,99137,3876,0.0391,0.9,3488.4,131,9759.16,2.8,14.8,0.0394,72.1
KLK-0424,2024-06-27,Meta,Branding,engagement,35-44,False,18.0,vertical,False,True,True,True,low,0.51,170688,9336,0.0547,0.45,4201.2,69,0.0,0.0,11.1,0.035,71.1
KLK-0425,2024-08-18,Meta,SaaS,conversions,35-44,False,23.0,vertical,True,True,False,True,medium,0.61,11941,1454,0.1218,0.47,683.38,42,5156.72,7.55,19.9,0.0437,80.5
KLK-0426,2024-01-30,TikTok,E-commerce,conversions,25-34,False,16.0,vertical,False,True,True,False,medium,0.58,2226,241,0.1086,0.55,132.55,9,423.34,3.19,,0.0247,68.9
KLK-0427,2024-06-27,Meta,E-commerce,conversions,45+,True,5.0,horizontal,False,False,False,False,medium,0.77,55566,2894,0.0521,,2691.42,114,6688.28,2.49,2.4,0.0154,36.7
KLK-0428,2024-02-26,LinkedIn,App Install,traffic,45+,False,23.0,horizontal,True,True,True,False,high,0.2,9821,763,0.0777,3.4,2594.2,26,219.91,0.08,7.9,0.0141,64.1
KLK-0429,2024-05-14,Meta,App Install,app_install,35-44,False,,horizontal,False,False,True,True,medium,0.21,41878,6281,0.15,0.54,3391.74,354,3621.41,1.07,,0.0126,58.0
KLK-0430,2024-04-30,Meta,E-commerce,conversions,25-34,True,14.0,quadrado,,True,True,True,low,0.39,309466,46419,0.15,0.62,28779.78,2175,82591.2,2.87,10.7,0.0208,70.8
KLK-0431,2024-06-03,Meta,E-commerce,traffic,45+,False,15.0,horizontal,True,True,True,False,low,0.29,3444,70,0.0206,0.91,63.7,1,30.62,0.48,15.0,0.0259,62.7
KLK-0432,2024-07-27,TikTok,Lead Gen,engagement,35-44,True,20.0,vertical,True,True,True,True,medium,0.57,8468,1270,0.15,0.68,863.6,91,4752.56,5.5,14.0,0.0682,79.3
KLK-0433,2024-11-25,TikTok,Lead Gen,conversions,25-34,False,12.0,vertical,True,True,True,False,low,0.08,17441,753,0.0432,0.53,399.09,22,1736.32,4.35,8.3,0.064,73.2
KLK-0434,2024-05-23,Meta,App Install,app_install,18-24,False,19.0,quadrado,,False,False,True,medium,0.72,103778,2314,0.0223,0.59,1365.26,95,900.74,0.66,9.6,,48.7
KLK-0435,2024-12-24,Meta,E-commerce,conversions,35-44,False,26.0,vertical,False,True,False,False,low,0.36,1570242,72545,0.0462,1.16,84152.2,3666,241597.29,2.87,13.1,0.0357,58.4
KLK-0436,2024-10-04,TikTok,E-commerce,conversions,18-24,False,23.0,vertical,False,False,True,False,medium,0.54,29628,915,0.0309,0.46,420.9,45,1440.45,3.42,16.7,0.0232,59.9
KLK-0437,2024-07-05,Meta,E-commerce,conversions,45+,False,15.0,horizontal,False,False,False,True,low,0.18,3106,122,0.0395,0.74,90.28,7,380.6,4.22,5.1,0.0025,46.7
KLK-0438,2024-08-23,TikTok,Lead Gen,conversions,45+,False,13.0,vertical,False,True,False,True,medium,0.52,14550,1340,0.0921,0.28,375.2,29,2002.69,5.34,,0.081,67.4
KLK-0439,2024-02-07,TikTok,E-commerce,traffic,18-24,False,12.0,vertical,False,True,False,True,low,0.27,8692,95,0.011,0.61,57.95,3,127.3,2.2,6.9,0.0102,39.7
KLK-0440,2024-11-04,Meta,App Install,traffic,35-44,False,12.0,quadrado,False,True,True,True,medium,0.71,52360,7110,0.1358,1.0,7110.0,322,2975.76,0.42,11.9,0.0081,83.4
KLK-0441,2024-07-31,Meta,E-commerce,traffic,18-24,False,10.0,horizontal,True,True,False,False,medium,0.22,34622,2309,0.0667,0.63,1454.67,91,4209.63,2.89,1.6,0.0086,55.6
KLK-0442,2024-12-25,LinkedIn,App Install,app_install,35-44,False,10.0,quadrado,True,True,False,False,high,0.41,6309,149,0.0237,3.81,567.69,3,26.21,0.05,1.1,0.0012,17.1
KLK-0443,2024-08-20,Meta,Branding,engagement,25-34,True,9.0,vertical,False,True,True,False,medium,0.12,8101,1215,0.15,0.66,801.9,5,0.0,0.0,6.6,0.0311,71.4
KLK-0444,2024-10-31,Meta,Lead Gen,conversions,35-44,False,6.0,quadrado,True,True,True,False,low,0.11,14298,1408,0.0985,0.95,1337.6,41,2942.21,2.2,1.6,0.0511,70.0
KLK-0445,2024-10-18,TikTok,E-commerce,conversions,18-24,True,23.0,vertical,False,True,False,True,high,0.38,16527,1543,0.0934,0.53,817.79,71,3250.47,3.97,18.1,0.0198,61.7
KLK-0446,2024-05-06,LinkedIn,E-commerce,traffic,25-34,False,27.0,quadrado,True,True,True,True,low,0.19,20939,2935,0.1402,0.98,2876.3,141,8600.44,2.99,6.6,0.0276,64.8
KLK-0447,2024-04-04,LinkedIn,E-commerce,conversions,35-44,False,23.0,vertical,True,True,False,True,medium,0.1,23356,95,0.0041,2.91,276.45,1,43.06,0.16,10.8,0.0011,33.0
KLK-0448,2024-06-06,TikTok,Lead Gen,conversions,18-24,True,9.0,vertical,False,True,True,False,low,0.59,96937,9470,0.0977,0.57,5397.9,245,20238.25,3.75,6.5,0.069,68.8
KLK-0449,2024-06-19,Meta,Lead Gen,engagement,35-44,False,17.0,horizontal,True,False,False,True,medium,0.65,13691,863,0.0631,0.38,327.94,21,975.78,2.98,5.5,,57.6
KLK-0450,2024-03-28,Meta,App Install,traffic,18-24,False,10.0,vertical,True,True,False,False,high,0.45,11472,190,0.0166,1.17,222.3,3,19.27,0.09,5.7,0.0129,32.8
KLK-0451,2024-11-22,TikTok,App Install,traffic,25-34,False,13.0,vertical,True,True,True,True,medium,0.48,4418,595,0.1347,0.57,339.15,44,,0.85,13.0,0.0309,91.3
KLK-0452,2024-07-17,TikTok,Branding,awareness,35-44,False,14.0,vertical,,False,True,False,medium,0.59,16837,614,0.0365,0.69,423.66,2,0.0,0.0,2.7,0.01,39.6
KLK-0453,2024-12-23,Meta,E-commerce,traffic,35-44,False,10.0,vertical,True,True,False,False,medium,0.43,29954,1144,0.0382,0.39,446.16,30,1132.53,2.54,2.4,0.0042,51.8
KLK-0454,2024-10-22,LinkedIn,Lead Gen,engagement,45+,True,,vertical,False,True,False,True,low,0.22,2782,79,0.0286,2.19,173.01,5,389.41,2.25,12.7,0.0017,42.6
KLK-0455,2024-07-21,Meta,SaaS,awareness,45+,False,29.0,vertical,True,True,False,True,high,0.66,14604,184,0.0126,1.08,198.72,4,429.46,2.16,14.8,0.0444,54.3
KLK-0456,2024-12-11,Meta,SaaS,traffic,18-24,False,16.0,quadrado,False,True,True,False,low,0.52,88641,2428,0.0274,0.42,1019.76,52,6738.31,6.61,4.7,0.0247,46.5
KLK-0457,2024-07-03,Meta,App Install,app_install,18-24,False,10.0,horizontal,False,True,True,True,high,0.1,47952,3327,0.0694,0.71,2362.17,145,,0.55,5.8,0.0211,58.4
KLK-0458,2024-11-19,Meta,E-commerce,conversions,35-44,False,13.0,quadrado,,True,True,True,medium,0.5,34479,2775,0.0805,0.9,2497.5,58,2079.78,0.83,8.4,0.016,89.0
KLK-0459,2024-05-10,Meta,E-commerce,conversions,45+,False,9.0,vertical,True,True,False,False,medium,0.36,46418,6521,0.1405,0.35,2282.35,285,9257.67,4.06,4.5,0.0213,64.4
KLK-0460,2024-05-18,Meta,Branding,awareness,45+,False,16.0,quadrado,True,True,True,True,medium,0.52,11065,1659,0.15,0.48,796.32,12,0.0,0.0,14.5,0.001,81.4
KLK-0461,2024-06-01,Meta,E-commerce,traffic,18-24,False,27.0,quadrado,False,False,True,False,medium,0.26,9430,446,0.0473,1.13,503.98,14,595.07,1.18,27.0,0.0216,67.9
KLK-0462,2024-07-18,TikTok,App Install,app_install,18-24,True,12.0,quadrado,,False,False,False,medium,0.23,101345,15201,0.15,0.51,7752.51,903,7944.16,1.02,0.4,0.0045,44.0
KLK-0463,2024-07-21,TikTok,E-commerce,conversions,18-24,False,40.0,vertical,,True,False,True,low,0.09,59537,1595,0.0268,0.68,1084.6,59,1940.46,1.79,16.1,0.0282,69.7
KLK-0464,2024-06-30,TikTok,SaaS,traffic,25-34,False,15.0,vertical,True,False,True,True,medium,0.47,8995,1349,0.15,0.53,714.97,27,3008.82,4.21,3.0,0.0146,85.6
KLK-0465,2024-04-21,LinkedIn,E-commerce,traffic,35-44,True,28.0,quadrado,True,True,True,True,medium,0.26,2311,201,0.0874,,872.34,7,303.54,0.35,28.0,0.0315,81.3
KLK-0466,2024-12-04,Meta,SaaS,awareness,18-24,False,10.0,vertical,True,True,False,False,high,0.37,9222,59,0.0065,0.91,53.69,0,,0.0,4.8,0.0032,23.3
KLK-0467,2024-08-02,Meta,Branding,awareness,25-34,False,14.0,quadrado,,False,False,True,medium,,42287,1864,0.0441,1.1,2050.4,15,0.0,0.0,3.0,,41.5
KLK-0468,2024-05-28,LinkedIn,E-commerce,conversions,35-44,False,,quadrado,False,True,True,False,low,0.45,9997,1122,0.1123,2.32,2603.04,18,687.29,0.26,17.0,0.0123,56.8
KLK-0469,2024-08-25,Meta,App Install,traffic,35-44,True,5.0,horizontal,True,True,False,True,low,0.41,32731,435,0.0133,0.85,369.75,28,291.16,0.79,5.0,,53.5
KLK-0470,2024-10-07,LinkedIn,SaaS,conversions,18-24,False,40.0,quadrado,True,True,False,True,medium,0.18,121021,8314,0.0687,2.98,24775.72,103,10647.32,0.43,24.7,0.0243,72.3
KLK-0471,2024-12-16,Meta,Branding,engagement,45+,True,12.0,quadrado,True,True,True,True,low,0.63,19699,2954,0.15,0.99,2924.46,19,0.0,0.0,12.0,0.0332,75.2
KLK-0472,2024-07-01,LinkedIn,Lead Gen,engagement,35-44,False,17.0,horizontal,False,False,True,True,low,0.29,29165,2324,0.0797,2.47,5740.28,57,2570.53,0.45,17.0,0.0181,60.2
KLK-0473,2024-02-10,Meta,Branding,engagement,35-44,True,19.0,vertical,False,False,True,True,medium,0.06,50105,2675,0.0534,0.8,2140.0,31,0.0,0.0,6.3,0.0473,69.2
KLK-0474,2024-06-09,LinkedIn,E-commerce,conversions,45+,False,32.0,horizontal,False,False,False,False,medium,0.55,6011,315,0.0525,2.88,907.2,16,785.4,0.87,11.1,0.0164,50.7
KLK-0475,2024-06-23,TikTok,E-commerce,traffic,18-24,False,10.0,vertical,False,False,True,True,medium,0.32,8710,192,0.0221,0.58,111.36,7,403.21,3.62,5.0,0.0739,58.8
KLK-0476,2024-11-23,LinkedIn,E-commerce,traffic,25-34,False,25.0,quadrado,True,True,False,True,medium,0.37,52648,4685,0.089,1.73,8105.05,119,5132.93,0.63,22.0,0.0051,66.3
KLK-0477,2024-05-24,Meta,App Install,app_install,35-44,True,26.0,quadrado,False,True,False,True,medium,0.55,23025,2521,0.1095,0.85,2142.85,366,2903.57,1.36,15.1,0.0084,60.5
KLK-0478,2024-12-13,TikTok,E-commerce,conversions,18-24,False,10.0,vertical,False,True,True,False,low,0.68,25491,2406,0.0944,0.55,1323.3,14,418.07,0.32,5.4,0.0364,59.3
KLK-0479,2024-06-26,LinkedIn,SaaS,traffic,45+,False,29.0,quadrado,True,True,False,False,medium,,22924,1554,0.0678,1.77,2750.58,39,4095.89,1.49,12.7,0.0268,53.0
KLK-0480,2024-12-21,TikTok,App Install,traffic,25-34,False,,quadrado,False,True,False,True,low,0.55,71250,3904,0.0548,0.64,2498.56,103,852.1,0.34,4.1,0.0379,53.6
KLK-0481,2024-01-03,TikTok,SaaS,awareness,35-44,False,7.0,vertical,True,False,True,False,high,0.14,37155,1753,0.0472,0.56,981.68,34,4395.96,4.48,4.0,0.0597,68.1
KLK-0482,2024-11-24,TikTok,Branding,awareness,18-24,False,16.0,vertical,False,True,True,True,medium,0.22,37744,5318,0.1409,0.85,4520.3,32,0.0,0.0,11.7,,70.6
KLK-0483,2024-12-05,Meta,E-commerce,traffic,25-34,False,8.0,quadrado,True,True,True,False,low,0.21,95476,9576,0.1003,0.79,7565.04,119,3372.64,0.45,6.8,0.0254,75.7
KLK-0484,2024-12-16,TikTok,E-commerce,traffic,25-34,True,14.0,vertical,True,True,False,True,medium,0.67,151431,13613,0.0899,,9120.71,1006,47347.48,5.19,4.0,0.0315,73.0
KLK-0485,2024-01-05,TikTok,Branding,engagement,18-24,True,11.0,vertical,False,True,False,True,medium,0.46,325237,29466,0.0906,0.58,17090.28,320,0.0,0.0,2.9,0.0993,63.1
KLK-0486,2024-03-03,LinkedIn,SaaS,conversions,35-44,False,20.0,horizontal,True,False,True,False,low,,10994,941,0.0856,3.94,3707.54,29,,0.95,17.3,0.0098,63.7
KLK-0487,2024-08-26,Meta,Branding,engagement,35-44,True,10.0,horizontal,True,True,False,True,medium,,426466,63969,0.15,,36462.33,1334,0.0,0.0,9.9,0.0079,65.8
KLK-0488,2024-01-10,Meta,SaaS,conversions,25-34,False,28.0,horizontal,True,True,True,False,low,0.55,5906,306,0.0519,0.68,208.08,2,230.82,1.11,15.6,0.0073,55.5
KLK-0489,2024-01-24,LinkedIn,E-commerce,traffic,45+,False,58.0,horizontal,False,False,True,True,high,0.39,224649,26104,0.1162,1.8,46987.2,1431,49801.7,1.06,42.4,0.0075,59.8
KLK-0490,2024-03-21,LinkedIn,Lead Gen,conversions,25-34,False,29.0,horizontal,True,True,True,False,high,0.37,10293,1543,0.15,2.44,3764.92,45,1987.86,0.53,20.0,0.0187,57.2
KLK-0491,2024-07-06,Meta,Branding,engagement,25-34,True,20.0,horizontal,True,True,True,False,low,0.23,20277,823,0.0406,0.53,436.19,5,0.0,0.0,6.9,0.012,57.0
KLK-0492,2024-07-18,TikTok,Branding,engagement,45+,True,9.0,vertical,False,True,True,True,high,0.26,22522,2903,0.1289,0.27,783.81,33,0.0,0.0,5.6,0.0134,61.0
KLK-0493,2024-01-13,Meta,E-commerce,conversions,45+,False,8.0,vertical,False,False,False,False,low,0.27,7782,323,0.0416,0.29,93.67,5,219.92,2.35,4.5,0.0035,35.6
KLK-0494,2024-03-03,Meta,App Install,app_install,25-34,False,16.0,horizontal,True,True,True,False,low,0.52,24442,3666,0.15,0.27,989.82,82,622.76,0.63,7.6,0.0166,58.2
KLK-0495,2024-07-01,Meta,SaaS,traffic,45+,False,9.0,vertical,False,False,False,False,high,0.64,8279,165,0.02,0.96,158.4,1,61.2,0.39,3.3,0.0145,26.1
KLK-0496,2024-08-04,Meta,E-commerce,traffic,25-34,True,6.0,vertical,False,False,True,True,medium,,5004,78,0.0156,0.69,53.82,6,374.42,6.96,3.2,0.0216,64.1
KLK-0497,2024-02-24,TikTok,Lead Gen,engagement,18-24,True,,vertical,False,True,True,False,medium,0.53,21026,3153,0.15,0.31,977.43,213,12977.47,13.28,7.7,0.0221,76.5
KLK-0498,2024-05-25,Meta,E-commerce,conversions,25-34,True,27.0,horizontal,True,False,True,True,low,0.16,148427,15852,0.1068,0.64,10145.28,748,17251.49,1.7,18.2,,69.7
KLK-0499,2024-11-26,LinkedIn,Lead Gen,engagement,45+,False,16.0,quadrado,True,False,False,True,medium,0.66,16239,112,0.0069,2.1,235.2,5,314.83,1.34,5.1,0.0289,41.8
KLK-0500,2024-12-30,LinkedIn,SaaS,conversions,25-34,False,28.0,horizontal,True,False,True,False,high,0.05,68133,8203,0.1204,1.78,14601.34,120,13814.24,0.95,17.5,0.0016,55.4
